<?xml version="1.0"?>
<RMagic>
  <FORMS>
    <OPTIONS>
      <form_id>1</form_id>
      <form_name>Simple Contact Form</form_name>
      <form_type>0</form_type>
      <form_user_role/>
      <default_user_role/>
      <form_should_send_email>1</form_should_send_email>
      <form_redirect>none</form_redirect>
      <form_redirect_to_page>0</form_redirect_to_page>
      <form_redirect_to_url/>
      <form_should_auto_expire/>
      <form_options>O:8:"stdClass":93:{s:13:"hide_username";N;s:23:"form_is_opt_in_checkbox";N;s:19:"mailchimp_relations";N;s:16:"form_opt_in_text";N;s:21:"form_should_user_pick";N;s:20:"form_is_unique_token";N;s:16:"form_description";s:202:"A standard contact form to get your started right away with RegistrationMagic. This form has Name, Phone No., Email and Message fields. To add this form to a page or post, use shortcode [rm_form ID="1"]";s:21:"form_user_field_label";N;s:16:"form_custom_text";s:45:"Please fill out the form below to contact us.";s:20:"form_success_message";s:69:"Thank you! We have received your message and will reply back shortly.";s:18:"form_email_subject";s:29:"We have received your message";s:18:"form_email_content";s:411:"Dear&#xA0;{{Textbox_1234}},&#xD;
&#xD;
This is a confirmation of the message you submitted through our site. We shall get back to you soon.&#xD;
&#xD;
For your reference, below is a copy of your message. If any information is incorrect, please submit the form again with correct information.&#xD;
&#xD;
Thank you!&#xD;
&#xD;
Your Name:&#xA0;{{Textbox_1234}}&#xD;
&#xD;
Your Phone:&#xA0;{{Number_1235}}&#xD;
&#xD;
Your Email:&#xA0;{{Email_1233}}&#xD;
&#xD;
Message:&#xA0;{{Textarea_1236}}";s:21:"form_submit_btn_label";s:4:"Send";s:21:"form_submit_btn_color";N;s:25:"form_submit_btn_bck_color";N;s:15:"form_expired_by";N;s:22:"form_submissions_limit";N;s:16:"form_expiry_date";N;s:25:"form_message_after_expiry";N;s:14:"mailchimp_list";N;s:22:"mailchimp_mapped_email";N;s:27:"mailchimp_mapped_first_name";N;s:26:"mailchimp_mapped_last_name";N;s:25:"should_export_submissions";i:0;s:25:"export_submissions_to_url";N;s:10:"form_pages";N;s:14:"access_control";N;s:14:"style_btnfield";N;s:10:"style_form";N;s:15:"style_textfield";N;s:10:"auto_login";N;s:12:"cc_relations";N;s:7:"cc_list";N;s:19:"form_opt_in_text_cc";N;s:26:"form_is_opt_in_checkbox_cc";N;s:12:"aw_relations";N;s:7:"aw_list";N;s:19:"form_opt_in_text_aw";N;s:26:"form_is_opt_in_checkbox_aw";N;s:14:"enable_captcha";s:7:"default";s:16:"enable_mailchimp";N;s:15:"enable_ccontact";N;s:13:"enable_aweber";N;s:20:"display_progress_bar";s:7:"default";s:18:"sub_limit_antispam";N;s:15:"placeholder_css";N;s:15:"btn_hover_color";N;s:20:"field_bg_focus_color";N;s:16:"text_focus_color";N;s:13:"style_section";N;s:11:"style_label";N;s:18:"post_expiry_action";N;s:19:"post_expiry_form_id";N;s:14:"no_prev_button";N;s:18:"user_auto_approval";s:7:"default";s:25:"form_opt_in_default_state";N;s:28:"form_opt_in_default_state_cc";N;s:28:"form_opt_in_default_state_aw";N;s:18:"ordered_form_pages";N;s:16:"show_total_price";N;s:20:"form_nu_notification";N;s:32:"form_user_activated_notification";N;s:31:"form_activate_user_notification";N;s:26:"form_admin_ns_notification";N;s:18:"admin_notification";N;s:11:"admin_email";N;s:10:"enable_dpx";N;s:15:"enable_mailpoet";N;s:13:"mailpoet_form";N;s:23:"mailpoet_field_mappings";N;s:26:"form_is_opt_in_checkbox_mp";N;s:19:"form_opt_in_text_mp";N;s:28:"form_opt_in_default_state_mp";N;s:17:"enable_newsletter";N;s:18:"newsletter_list_id";N;s:26:"form_is_opt_in_checkbox_nl";N;s:19:"form_opt_in_text_nl";N;s:28:"form_opt_in_default_state_nl";N;s:25:"newsletter_field_mappings";N;s:18:"sub_limit_ind_user";i:0;s:19:"form_next_btn_label";N;s:19:"form_prev_btn_label";N;s:14:"form_btn_align";N;s:16:"act_link_message";N;s:24:"form_nu_notification_sub";s:21:"New User Registration";s:12:"act_link_sub";s:18:"Email Verification";s:36:"form_user_activated_notification_sub";s:17:"Account Activated";s:35:"form_activate_user_notification_sub";s:13:"Activate User";s:30:"form_admin_ns_notification_sub";s:23:" New Form Notification ";s:13:"custom_status";N;s:16:"form_limit_by_cs";N;s:18:"cs_action_user_act";N;s:21:"cs_action_user_act_en";N;}</form_options>
      <created_on>2016-12-15 06:31:04</created_on>
      <created_by>1</created_by>
      <modified_on>2019-03-26 08:52:16</modified_on>
      <modified_by>1</modified_by>
    </OPTIONS>
    <FIELDS>
      <field_id>1</field_id>
      <form_id>1</form_id>
      <page_no>1</page_no>
      <field_label>Email</field_label>
      <field_type>Email</field_type>
      <field_value/>
      <field_order>1</field_order>
      <field_show_on_user_page/>
      <is_field_primary>1</is_field_primary>
      <field_is_editable>0</field_is_editable>
      <is_deletion_allowed>0</is_deletion_allowed>
      <field_options>O:8:"stdClass":209:{s:18:"field_is_multiline";N;s:17:"field_placeholder";s:0:"";s:14:"field_timezone";N;s:16:"field_max_length";N;s:23:"field_is_required_range";N;s:27:"field_is_required_max_range";N;s:27:"field_is_required_min_range";N;s:24:"field_is_required_scroll";N;s:19:"field_default_value";N;s:15:"field_css_class";s:0:"";s:22:"field_textarea_columns";N;s:19:"field_textarea_rows";N;s:17:"field_is_required";s:1:"1";s:21:"field_is_show_asterix";N;s:18:"field_is_read_only";N;s:21:"field_is_other_option";N;s:9:"help_text";s:0:"";s:4:"icon";O:8:"stdClass":5:{s:9:"codepoint";s:0:"";s:8:"fg_color";s:6:"000000";s:8:"bg_color";s:6:"FFFFFF";s:5:"shape";s:6:"square";s:8:"bg_alpha";s:1:"1";}s:16:"field_validation";N;s:17:"custom_validation";N;s:12:"tnc_cb_label";N;s:11:"date_format";N;s:15:"field_is_unique";N;s:10:"un_err_msg";N;s:11:"rating_conf";N;s:10:"conditions";a:2:{s:5:"rules";a:0:{}s:8:"settings";a:0:{}}s:14:"field_meta_add";N;s:16:"link_same_window";N;s:9:"link_page";N;s:9:"link_href";N;s:9:"link_type";N;s:12:"yt_auto_play";N;s:9:"yt_repeat";N;s:17:"yt_related_videos";N;s:15:"yt_player_width";N;s:9:"rm_widget";N;s:16:"yt_player_height";N;s:8:"if_width";N;s:9:"if_height";N;s:18:"field_address_type";N;s:23:"field_ca_address1_label";N;s:23:"field_ca_address2_label";N;s:19:"field_ca_city_label";N;s:20:"field_ca_state_label";N;s:22:"field_ca_country_label";N;s:18:"field_ca_zip_label";N;s:16:"field_ca_city_en";N;s:17:"field_ca_state_en";N;s:15:"field_ca_zip_en";N;s:19:"field_ca_country_en";N;s:20:"field_ca_address1_en";N;s:20:"field_ca_address2_en";N;s:13:"ca_state_type";N;s:21:"field_ca_address1_req";N;s:17:"field_ca_city_req";N;s:16:"field_ca_zip_req";N;s:20:"field_ca_country_req";N;s:18:"field_ca_state_req";N;s:21:"field_ca_address2_req";N;s:29:"field_ca_label_as_placeholder";N;s:20:"field_ca_lmark_label";N;s:17:"field_ca_lmark_en";N;s:18:"field_ca_lmark_req";N;s:20:"field_ca_state_codes";N;s:28:"field_ca_country_america_can";N;s:24:"field_ca_country_limited";N;s:26:"field_ca_en_country_search";N;s:19:"img_caption_enabled";N;s:17:"img_title_enabled";N;s:16:"img_link_enabled";N;s:19:"img_effects_enabled";N;s:12:"border_color";N;s:12:"border_width";N;s:12:"border_shape";N;s:15:"img_pop_enabled";N;s:8:"img_size";N;s:3:"lat";N;s:4:"long";N;s:4:"zoom";N;s:5:"width";N;s:13:"nu_form_views";N;s:20:"nu_views_text_before";N;s:19:"nu_views_text_after";N;s:17:"nu_sub_text_after";N;s:18:"nu_sub_text_before";N;s:14:"nu_submissions";N;s:10:"sub_limits";N;s:21:"sub_limit_text_before";N;s:20:"sub_limit_text_after";N;s:15:"sub_date_limits";N;s:26:"sub_date_limit_text_before";N;s:25:"sub_date_limit_text_after";N;s:12:"last_sub_rec";N;s:14:"ls_text_before";N;s:13:"ls_text_after";N;s:14:"show_form_name";N;s:9:"form_desc";N;s:13:"sub_limit_ind";N;s:12:"custom_value";N;s:12:"hide_country";N;s:9:"hide_date";N;s:13:"show_gravatar";N;s:9:"max_items";N;s:10:"time_range";N;s:17:"user_exists_error";N;s:19:"username_characters";N;s:23:"invalid_username_format";N;s:14:"en_confirm_pwd";N;s:17:"pass_mismatch_err";N;s:16:"en_pass_strength";N;s:17:"pwd_strength_type";N;s:13:"pwd_short_msg";N;s:12:"pwd_weak_msg";N;s:14:"pwd_medium_msg";N;s:14:"pwd_strong_msg";N;s:11:"format_type";N;s:19:"preferred_countries";N;s:8:"en_geoip";N;s:20:"custom_mobile_format";N;s:13:"lim_countries";N;s:18:"lim_pref_countries";N;s:14:"mobile_err_msg";N;s:13:"country_field";N;s:12:"sync_country";N;s:13:"country_match";N;s:26:"field_wcb_email_as_primary";N;s:25:"field_wcb_firstname_label";N;s:24:"field_wcb_lastname_label";N;s:23:"field_wcb_company_label";N;s:24:"field_wcb_address1_label";N;s:24:"field_wcb_address2_label";N;s:21:"field_wcb_phone_label";N;s:21:"field_wcb_email_label";N;s:20:"field_wcb_city_label";N;s:21:"field_wcb_state_label";N;s:23:"field_wcb_country_label";N;s:19:"field_wcb_zip_label";N;s:17:"field_wcb_city_en";N;s:18:"field_wcb_state_en";N;s:16:"field_wcb_zip_en";N;s:20:"field_wcb_country_en";N;s:22:"field_wcb_firstname_en";N;s:21:"field_wcb_lastname_en";N;s:20:"field_wcb_company_en";N;s:21:"field_wcb_address1_en";N;s:21:"field_wcb_address2_en";N;s:18:"field_wcb_phone_en";N;s:18:"field_wcb_email_en";N;s:14:"wcb_state_type";N;s:23:"field_wcb_firstname_req";N;s:22:"field_wcb_lastname_req";N;s:21:"field_wcb_company_req";N;s:22:"field_wcb_address1_req";N;s:19:"field_wcb_phone_req";N;s:19:"field_wcb_email_req";N;s:18:"field_wcb_city_req";N;s:17:"field_wcb_zip_req";N;s:21:"field_wcb_country_req";N;s:19:"field_wcb_state_req";N;s:22:"field_wcb_address2_req";N;s:30:"field_wcb_label_as_placeholder";N;s:21:"field_wcb_lmark_label";N;s:18:"field_wcb_lmark_en";N;s:19:"field_wcb_lmark_req";N;s:21:"field_wcb_state_codes";N;s:30:"field_wcb_country_ameriwcb_can";N;s:25:"field_wcb_country_limited";N;s:27:"field_wcb_en_country_search";N;s:25:"field_wcs_firstname_label";N;s:24:"field_wcs_lastname_label";N;s:23:"field_wcs_company_label";N;s:24:"field_wcs_address1_label";N;s:24:"field_wcs_address2_label";N;s:20:"field_wcs_city_label";N;s:21:"field_wcs_state_label";N;s:23:"field_wcs_country_label";N;s:19:"field_wcs_zip_label";N;s:17:"field_wcs_city_en";N;s:18:"field_wcs_state_en";N;s:16:"field_wcs_zip_en";N;s:20:"field_wcs_country_en";N;s:21:"field_wcs_address1_en";N;s:21:"field_wcs_address2_en";N;s:14:"wcs_state_type";N;s:22:"field_wcs_firstname_en";N;s:21:"field_wcs_lastname_en";N;s:20:"field_wcs_company_en";N;s:22:"field_wcs_address1_req";N;s:18:"field_wcs_city_req";N;s:17:"field_wcs_zip_req";N;s:21:"field_wcs_country_req";N;s:19:"field_wcs_state_req";N;s:23:"field_wcs_firstname_req";N;s:22:"field_wcs_lastname_req";N;s:21:"field_wcs_company_req";N;s:22:"field_wcs_address2_req";N;s:30:"field_wcs_label_as_placeholder";N;s:21:"field_wcs_lmark_label";N;s:18:"field_wcs_lmark_en";N;s:19:"field_wcs_lmark_req";N;s:21:"field_wcs_state_codes";N;s:30:"field_wcs_country_ameriwcs_can";N;s:25:"field_wcs_country_limited";N;s:27:"field_wcs_en_country_search";N;s:19:"privacy_policy_page";N;s:22:"privacy_policy_content";N;s:24:"privacy_display_checkbox";N;s:18:"field_user_profile";N;s:22:"existing_user_meta_key";N;}</field_options>
    </FIELDS>
    <FIELDS>
      <field_id>2</field_id>
      <form_id>1</form_id>
      <page_no>1</page_no>
      <field_label>Name</field_label>
      <field_type>Textbox</field_type>
      <field_value/>
      <field_order>0</field_order>
      <field_show_on_user_page>1</field_show_on_user_page>
      <is_field_primary>0</is_field_primary>
      <field_is_editable>0</field_is_editable>
      <is_deletion_allowed>1</is_deletion_allowed>
      <field_options>O:8:"stdClass":209:{s:18:"field_is_multiline";N;s:17:"field_placeholder";s:0:"";s:14:"field_timezone";N;s:16:"field_max_length";s:0:"";s:23:"field_is_required_range";N;s:27:"field_is_required_max_range";s:0:"";s:27:"field_is_required_min_range";s:0:"";s:24:"field_is_required_scroll";N;s:19:"field_default_value";N;s:15:"field_css_class";s:0:"";s:22:"field_textarea_columns";N;s:19:"field_textarea_rows";N;s:17:"field_is_required";N;s:21:"field_is_show_asterix";N;s:18:"field_is_read_only";N;s:21:"field_is_other_option";s:0:"";s:9:"help_text";s:0:"";s:4:"icon";O:8:"stdClass":5:{s:9:"codepoint";s:0:"";s:8:"fg_color";s:6:"000000";s:8:"bg_color";s:6:"FFFFFF";s:5:"shape";s:6:"square";s:8:"bg_alpha";s:1:"1";}s:16:"field_validation";s:0:"";s:17:"custom_validation";s:0:"";s:12:"tnc_cb_label";s:0:"";s:11:"date_format";N;s:15:"field_is_unique";N;s:10:"un_err_msg";s:0:"";s:11:"rating_conf";N;s:10:"conditions";a:2:{s:5:"rules";a:0:{}s:8:"settings";a:0:{}}s:14:"field_meta_add";s:0:"";s:16:"link_same_window";N;s:9:"link_page";N;s:9:"link_href";N;s:9:"link_type";N;s:12:"yt_auto_play";N;s:9:"yt_repeat";N;s:17:"yt_related_videos";N;s:15:"yt_player_width";N;s:9:"rm_widget";N;s:16:"yt_player_height";N;s:8:"if_width";N;s:9:"if_height";N;s:18:"field_address_type";N;s:23:"field_ca_address1_label";N;s:23:"field_ca_address2_label";N;s:19:"field_ca_city_label";N;s:20:"field_ca_state_label";N;s:22:"field_ca_country_label";N;s:18:"field_ca_zip_label";N;s:16:"field_ca_city_en";N;s:17:"field_ca_state_en";N;s:15:"field_ca_zip_en";N;s:19:"field_ca_country_en";N;s:20:"field_ca_address1_en";N;s:20:"field_ca_address2_en";N;s:13:"ca_state_type";N;s:21:"field_ca_address1_req";N;s:17:"field_ca_city_req";N;s:16:"field_ca_zip_req";N;s:20:"field_ca_country_req";N;s:18:"field_ca_state_req";N;s:21:"field_ca_address2_req";N;s:29:"field_ca_label_as_placeholder";N;s:20:"field_ca_lmark_label";N;s:17:"field_ca_lmark_en";N;s:18:"field_ca_lmark_req";N;s:20:"field_ca_state_codes";N;s:28:"field_ca_country_america_can";N;s:24:"field_ca_country_limited";N;s:26:"field_ca_en_country_search";N;s:19:"img_caption_enabled";N;s:17:"img_title_enabled";N;s:16:"img_link_enabled";N;s:19:"img_effects_enabled";N;s:12:"border_color";N;s:12:"border_width";N;s:12:"border_shape";N;s:15:"img_pop_enabled";N;s:8:"img_size";N;s:3:"lat";N;s:4:"long";N;s:4:"zoom";N;s:5:"width";N;s:13:"nu_form_views";N;s:20:"nu_views_text_before";N;s:19:"nu_views_text_after";N;s:17:"nu_sub_text_after";N;s:18:"nu_sub_text_before";N;s:14:"nu_submissions";N;s:10:"sub_limits";N;s:21:"sub_limit_text_before";N;s:20:"sub_limit_text_after";N;s:15:"sub_date_limits";N;s:26:"sub_date_limit_text_before";N;s:25:"sub_date_limit_text_after";N;s:12:"last_sub_rec";N;s:14:"ls_text_before";N;s:13:"ls_text_after";N;s:14:"show_form_name";N;s:9:"form_desc";N;s:13:"sub_limit_ind";N;s:12:"custom_value";N;s:12:"hide_country";N;s:9:"hide_date";N;s:13:"show_gravatar";N;s:9:"max_items";N;s:10:"time_range";N;s:17:"user_exists_error";N;s:19:"username_characters";N;s:23:"invalid_username_format";N;s:14:"en_confirm_pwd";N;s:17:"pass_mismatch_err";N;s:16:"en_pass_strength";N;s:17:"pwd_strength_type";N;s:13:"pwd_short_msg";N;s:12:"pwd_weak_msg";N;s:14:"pwd_medium_msg";N;s:14:"pwd_strong_msg";N;s:11:"format_type";N;s:19:"preferred_countries";N;s:8:"en_geoip";N;s:20:"custom_mobile_format";N;s:13:"lim_countries";N;s:18:"lim_pref_countries";N;s:14:"mobile_err_msg";N;s:13:"country_field";N;s:12:"sync_country";N;s:13:"country_match";N;s:26:"field_wcb_email_as_primary";N;s:25:"field_wcb_firstname_label";N;s:24:"field_wcb_lastname_label";N;s:23:"field_wcb_company_label";N;s:24:"field_wcb_address1_label";N;s:24:"field_wcb_address2_label";N;s:21:"field_wcb_phone_label";N;s:21:"field_wcb_email_label";N;s:20:"field_wcb_city_label";N;s:21:"field_wcb_state_label";N;s:23:"field_wcb_country_label";N;s:19:"field_wcb_zip_label";N;s:17:"field_wcb_city_en";N;s:18:"field_wcb_state_en";N;s:16:"field_wcb_zip_en";N;s:20:"field_wcb_country_en";N;s:22:"field_wcb_firstname_en";N;s:21:"field_wcb_lastname_en";N;s:20:"field_wcb_company_en";N;s:21:"field_wcb_address1_en";N;s:21:"field_wcb_address2_en";N;s:18:"field_wcb_phone_en";N;s:18:"field_wcb_email_en";N;s:14:"wcb_state_type";N;s:23:"field_wcb_firstname_req";N;s:22:"field_wcb_lastname_req";N;s:21:"field_wcb_company_req";N;s:22:"field_wcb_address1_req";N;s:19:"field_wcb_phone_req";N;s:19:"field_wcb_email_req";N;s:18:"field_wcb_city_req";N;s:17:"field_wcb_zip_req";N;s:21:"field_wcb_country_req";N;s:19:"field_wcb_state_req";N;s:22:"field_wcb_address2_req";N;s:30:"field_wcb_label_as_placeholder";N;s:21:"field_wcb_lmark_label";N;s:18:"field_wcb_lmark_en";N;s:19:"field_wcb_lmark_req";N;s:21:"field_wcb_state_codes";N;s:30:"field_wcb_country_ameriwcb_can";N;s:25:"field_wcb_country_limited";N;s:27:"field_wcb_en_country_search";N;s:25:"field_wcs_firstname_label";N;s:24:"field_wcs_lastname_label";N;s:23:"field_wcs_company_label";N;s:24:"field_wcs_address1_label";N;s:24:"field_wcs_address2_label";N;s:20:"field_wcs_city_label";N;s:21:"field_wcs_state_label";N;s:23:"field_wcs_country_label";N;s:19:"field_wcs_zip_label";N;s:17:"field_wcs_city_en";N;s:18:"field_wcs_state_en";N;s:16:"field_wcs_zip_en";N;s:20:"field_wcs_country_en";N;s:21:"field_wcs_address1_en";N;s:21:"field_wcs_address2_en";N;s:14:"wcs_state_type";N;s:22:"field_wcs_firstname_en";N;s:21:"field_wcs_lastname_en";N;s:20:"field_wcs_company_en";N;s:22:"field_wcs_address1_req";N;s:18:"field_wcs_city_req";N;s:17:"field_wcs_zip_req";N;s:21:"field_wcs_country_req";N;s:19:"field_wcs_state_req";N;s:23:"field_wcs_firstname_req";N;s:22:"field_wcs_lastname_req";N;s:21:"field_wcs_company_req";N;s:22:"field_wcs_address2_req";N;s:30:"field_wcs_label_as_placeholder";N;s:21:"field_wcs_lmark_label";N;s:18:"field_wcs_lmark_en";N;s:19:"field_wcs_lmark_req";N;s:21:"field_wcs_state_codes";N;s:30:"field_wcs_country_ameriwcs_can";N;s:25:"field_wcs_country_limited";N;s:27:"field_wcs_en_country_search";N;s:19:"privacy_policy_page";s:1:"0";s:22:"privacy_policy_content";s:93:"By submitting this form you confirm that you have read and understood our {{privacy_policy}}.";s:24:"privacy_display_checkbox";N;s:18:"field_user_profile";s:10:"do_not_add";s:22:"existing_user_meta_key";s:8:"nickname";}</field_options>
    </FIELDS>
    <FIELDS>
      <field_id>4</field_id>
      <form_id>1</form_id>
      <page_no>1</page_no>
      <field_label>Message</field_label>
      <field_type>Textarea</field_type>
      <field_value/>
      <field_order>3</field_order>
      <field_show_on_user_page/>
      <is_field_primary>0</is_field_primary>
      <field_is_editable>0</field_is_editable>
      <is_deletion_allowed>1</is_deletion_allowed>
      <field_options>O:8:"stdClass":208:{s:18:"field_is_multiline";N;s:17:"field_placeholder";s:0:"";s:14:"field_timezone";N;s:16:"field_max_length";s:0:"";s:23:"field_is_required_range";N;s:27:"field_is_required_max_range";s:0:"";s:27:"field_is_required_min_range";s:0:"";s:24:"field_is_required_scroll";N;s:19:"field_default_value";N;s:15:"field_css_class";s:0:"";s:22:"field_textarea_columns";s:0:"";s:19:"field_textarea_rows";s:0:"";s:17:"field_is_required";N;s:21:"field_is_show_asterix";N;s:18:"field_is_read_only";N;s:21:"field_is_other_option";s:0:"";s:9:"help_text";s:0:"";s:4:"icon";O:8:"stdClass":5:{s:9:"codepoint";s:0:"";s:8:"fg_color";s:6:"000000";s:8:"bg_color";s:6:"FFFFFF";s:5:"shape";s:6:"square";s:8:"bg_alpha";s:1:"1";}s:16:"field_validation";s:0:"";s:17:"custom_validation";s:0:"";s:12:"tnc_cb_label";s:0:"";s:11:"date_format";N;s:15:"field_is_unique";N;s:10:"un_err_msg";s:0:"";s:11:"rating_conf";N;s:14:"field_meta_add";s:0:"";s:16:"link_same_window";N;s:9:"link_page";N;s:9:"link_href";N;s:9:"link_type";N;s:12:"yt_auto_play";N;s:9:"yt_repeat";N;s:17:"yt_related_videos";N;s:15:"yt_player_width";N;s:9:"rm_widget";N;s:16:"yt_player_height";N;s:8:"if_width";N;s:9:"if_height";N;s:18:"field_address_type";N;s:23:"field_ca_address1_label";N;s:23:"field_ca_address2_label";N;s:19:"field_ca_city_label";N;s:20:"field_ca_state_label";N;s:22:"field_ca_country_label";N;s:18:"field_ca_zip_label";N;s:16:"field_ca_city_en";N;s:17:"field_ca_state_en";N;s:15:"field_ca_zip_en";N;s:19:"field_ca_country_en";N;s:20:"field_ca_address1_en";N;s:20:"field_ca_address2_en";N;s:13:"ca_state_type";N;s:21:"field_ca_address1_req";N;s:17:"field_ca_city_req";N;s:16:"field_ca_zip_req";N;s:20:"field_ca_country_req";N;s:18:"field_ca_state_req";N;s:21:"field_ca_address2_req";N;s:29:"field_ca_label_as_placeholder";N;s:20:"field_ca_lmark_label";N;s:17:"field_ca_lmark_en";N;s:18:"field_ca_lmark_req";N;s:20:"field_ca_state_codes";N;s:28:"field_ca_country_america_can";N;s:24:"field_ca_country_limited";N;s:26:"field_ca_en_country_search";N;s:19:"img_caption_enabled";N;s:17:"img_title_enabled";N;s:16:"img_link_enabled";N;s:19:"img_effects_enabled";N;s:12:"border_color";N;s:12:"border_width";N;s:12:"border_shape";N;s:15:"img_pop_enabled";N;s:8:"img_size";N;s:3:"lat";N;s:4:"long";N;s:4:"zoom";N;s:5:"width";N;s:13:"nu_form_views";N;s:20:"nu_views_text_before";N;s:19:"nu_views_text_after";N;s:17:"nu_sub_text_after";N;s:18:"nu_sub_text_before";N;s:14:"nu_submissions";N;s:10:"sub_limits";N;s:21:"sub_limit_text_before";N;s:20:"sub_limit_text_after";N;s:15:"sub_date_limits";N;s:26:"sub_date_limit_text_before";N;s:25:"sub_date_limit_text_after";N;s:12:"last_sub_rec";N;s:14:"ls_text_before";N;s:13:"ls_text_after";N;s:14:"show_form_name";N;s:9:"form_desc";N;s:13:"sub_limit_ind";N;s:12:"custom_value";N;s:12:"hide_country";N;s:9:"hide_date";N;s:13:"show_gravatar";N;s:9:"max_items";N;s:10:"time_range";N;s:17:"user_exists_error";N;s:19:"username_characters";N;s:23:"invalid_username_format";N;s:14:"en_confirm_pwd";N;s:17:"pass_mismatch_err";N;s:16:"en_pass_strength";N;s:17:"pwd_strength_type";N;s:13:"pwd_short_msg";N;s:12:"pwd_weak_msg";N;s:14:"pwd_medium_msg";N;s:14:"pwd_strong_msg";N;s:11:"format_type";N;s:19:"preferred_countries";N;s:8:"en_geoip";N;s:20:"custom_mobile_format";N;s:13:"lim_countries";N;s:18:"lim_pref_countries";N;s:14:"mobile_err_msg";N;s:13:"country_field";N;s:12:"sync_country";N;s:13:"country_match";N;s:26:"field_wcb_email_as_primary";N;s:25:"field_wcb_firstname_label";N;s:24:"field_wcb_lastname_label";N;s:23:"field_wcb_company_label";N;s:24:"field_wcb_address1_label";N;s:24:"field_wcb_address2_label";N;s:21:"field_wcb_phone_label";N;s:21:"field_wcb_email_label";N;s:20:"field_wcb_city_label";N;s:21:"field_wcb_state_label";N;s:23:"field_wcb_country_label";N;s:19:"field_wcb_zip_label";N;s:17:"field_wcb_city_en";N;s:18:"field_wcb_state_en";N;s:16:"field_wcb_zip_en";N;s:20:"field_wcb_country_en";N;s:22:"field_wcb_firstname_en";N;s:21:"field_wcb_lastname_en";N;s:20:"field_wcb_company_en";N;s:21:"field_wcb_address1_en";N;s:21:"field_wcb_address2_en";N;s:18:"field_wcb_phone_en";N;s:18:"field_wcb_email_en";N;s:14:"wcb_state_type";N;s:23:"field_wcb_firstname_req";N;s:22:"field_wcb_lastname_req";N;s:21:"field_wcb_company_req";N;s:22:"field_wcb_address1_req";N;s:19:"field_wcb_phone_req";N;s:19:"field_wcb_email_req";N;s:18:"field_wcb_city_req";N;s:17:"field_wcb_zip_req";N;s:21:"field_wcb_country_req";N;s:19:"field_wcb_state_req";N;s:22:"field_wcb_address2_req";N;s:30:"field_wcb_label_as_placeholder";N;s:21:"field_wcb_lmark_label";N;s:18:"field_wcb_lmark_en";N;s:19:"field_wcb_lmark_req";N;s:21:"field_wcb_state_codes";N;s:30:"field_wcb_country_ameriwcb_can";N;s:25:"field_wcb_country_limited";N;s:27:"field_wcb_en_country_search";N;s:25:"field_wcs_firstname_label";N;s:24:"field_wcs_lastname_label";N;s:23:"field_wcs_company_label";N;s:24:"field_wcs_address1_label";N;s:24:"field_wcs_address2_label";N;s:20:"field_wcs_city_label";N;s:21:"field_wcs_state_label";N;s:23:"field_wcs_country_label";N;s:19:"field_wcs_zip_label";N;s:17:"field_wcs_city_en";N;s:18:"field_wcs_state_en";N;s:16:"field_wcs_zip_en";N;s:20:"field_wcs_country_en";N;s:21:"field_wcs_address1_en";N;s:21:"field_wcs_address2_en";N;s:14:"wcs_state_type";N;s:22:"field_wcs_firstname_en";N;s:21:"field_wcs_lastname_en";N;s:20:"field_wcs_company_en";N;s:22:"field_wcs_address1_req";N;s:18:"field_wcs_city_req";N;s:17:"field_wcs_zip_req";N;s:21:"field_wcs_country_req";N;s:19:"field_wcs_state_req";N;s:23:"field_wcs_firstname_req";N;s:22:"field_wcs_lastname_req";N;s:21:"field_wcs_company_req";N;s:22:"field_wcs_address2_req";N;s:30:"field_wcs_label_as_placeholder";N;s:21:"field_wcs_lmark_label";N;s:18:"field_wcs_lmark_en";N;s:19:"field_wcs_lmark_req";N;s:21:"field_wcs_state_codes";N;s:30:"field_wcs_country_ameriwcs_can";N;s:25:"field_wcs_country_limited";N;s:27:"field_wcs_en_country_search";N;s:19:"privacy_policy_page";s:1:"0";s:22:"privacy_policy_content";s:93:"By submitting this form you confirm that you have read and understood our {{privacy_policy}}.";s:24:"privacy_display_checkbox";N;s:18:"field_user_profile";N;s:22:"existing_user_meta_key";N;}</field_options>
    </FIELDS>
    <FIELDS>
      <field_id>17</field_id>
      <form_id>1</form_id>
      <page_no>1</page_no>
      <field_label>Phone</field_label>
      <field_type>Mobile</field_type>
      <field_value/>
      <field_order>2</field_order>
      <field_show_on_user_page/>
      <is_field_primary>0</is_field_primary>
      <field_is_editable>0</field_is_editable>
      <is_deletion_allowed>1</is_deletion_allowed>
      <field_options>O:8:"stdClass":209:{s:18:"field_is_multiline";N;s:17:"field_placeholder";s:0:"";s:14:"field_timezone";N;s:16:"field_max_length";s:0:"";s:23:"field_is_required_range";N;s:27:"field_is_required_max_range";s:0:"";s:27:"field_is_required_min_range";s:0:"";s:24:"field_is_required_scroll";N;s:19:"field_default_value";N;s:15:"field_css_class";s:0:"";s:22:"field_textarea_columns";N;s:19:"field_textarea_rows";N;s:17:"field_is_required";N;s:21:"field_is_show_asterix";N;s:18:"field_is_read_only";N;s:21:"field_is_other_option";s:0:"";s:9:"help_text";s:0:"";s:4:"icon";O:8:"stdClass":5:{s:9:"codepoint";s:0:"";s:8:"fg_color";s:6:"000000";s:8:"bg_color";s:6:"FFFFFF";s:5:"shape";s:6:"square";s:8:"bg_alpha";s:1:"1";}s:16:"field_validation";s:0:"";s:17:"custom_validation";s:0:"";s:12:"tnc_cb_label";s:0:"";s:11:"date_format";N;s:15:"field_is_unique";N;s:10:"un_err_msg";s:0:"";s:11:"rating_conf";N;s:10:"conditions";N;s:14:"field_meta_add";s:0:"";s:16:"link_same_window";N;s:9:"link_page";N;s:9:"link_href";N;s:9:"link_type";N;s:12:"yt_auto_play";N;s:9:"yt_repeat";N;s:17:"yt_related_videos";N;s:15:"yt_player_width";N;s:9:"rm_widget";N;s:16:"yt_player_height";N;s:8:"if_width";N;s:9:"if_height";N;s:18:"field_address_type";N;s:23:"field_ca_address1_label";N;s:23:"field_ca_address2_label";N;s:19:"field_ca_city_label";N;s:20:"field_ca_state_label";N;s:22:"field_ca_country_label";N;s:18:"field_ca_zip_label";N;s:16:"field_ca_city_en";N;s:17:"field_ca_state_en";N;s:15:"field_ca_zip_en";N;s:19:"field_ca_country_en";N;s:20:"field_ca_address1_en";N;s:20:"field_ca_address2_en";N;s:13:"ca_state_type";N;s:21:"field_ca_address1_req";N;s:17:"field_ca_city_req";N;s:16:"field_ca_zip_req";N;s:20:"field_ca_country_req";N;s:18:"field_ca_state_req";N;s:21:"field_ca_address2_req";N;s:29:"field_ca_label_as_placeholder";N;s:20:"field_ca_lmark_label";N;s:17:"field_ca_lmark_en";N;s:18:"field_ca_lmark_req";N;s:20:"field_ca_state_codes";N;s:28:"field_ca_country_america_can";N;s:24:"field_ca_country_limited";N;s:26:"field_ca_en_country_search";N;s:19:"img_caption_enabled";N;s:17:"img_title_enabled";N;s:16:"img_link_enabled";N;s:19:"img_effects_enabled";N;s:12:"border_color";N;s:12:"border_width";N;s:12:"border_shape";N;s:15:"img_pop_enabled";N;s:8:"img_size";N;s:3:"lat";N;s:4:"long";N;s:4:"zoom";N;s:5:"width";N;s:13:"nu_form_views";N;s:20:"nu_views_text_before";N;s:19:"nu_views_text_after";N;s:17:"nu_sub_text_after";N;s:18:"nu_sub_text_before";N;s:14:"nu_submissions";N;s:10:"sub_limits";N;s:21:"sub_limit_text_before";N;s:20:"sub_limit_text_after";N;s:15:"sub_date_limits";N;s:26:"sub_date_limit_text_before";N;s:25:"sub_date_limit_text_after";N;s:12:"last_sub_rec";N;s:14:"ls_text_before";N;s:13:"ls_text_after";N;s:14:"show_form_name";N;s:9:"form_desc";N;s:13:"sub_limit_ind";N;s:12:"custom_value";N;s:12:"hide_country";N;s:9:"hide_date";N;s:13:"show_gravatar";N;s:9:"max_items";N;s:10:"time_range";N;s:17:"user_exists_error";N;s:19:"username_characters";N;s:23:"invalid_username_format";N;s:14:"en_confirm_pwd";N;s:17:"pass_mismatch_err";N;s:16:"en_pass_strength";N;s:17:"pwd_strength_type";N;s:13:"pwd_short_msg";N;s:12:"pwd_weak_msg";N;s:14:"pwd_medium_msg";N;s:14:"pwd_strong_msg";N;s:11:"format_type";s:5:"local";s:19:"preferred_countries";s:0:"";s:8:"en_geoip";N;s:20:"custom_mobile_format";s:14:"(000)-000-0000";s:13:"lim_countries";s:0:"";s:18:"lim_pref_countries";s:0:"";s:14:"mobile_err_msg";s:50:"This does not appears to be a valid mobile number.";s:13:"country_field";s:9:"not_found";s:12:"sync_country";i:1;s:13:"country_match";N;s:26:"field_wcb_email_as_primary";N;s:25:"field_wcb_firstname_label";N;s:24:"field_wcb_lastname_label";N;s:23:"field_wcb_company_label";N;s:24:"field_wcb_address1_label";N;s:24:"field_wcb_address2_label";N;s:21:"field_wcb_phone_label";N;s:21:"field_wcb_email_label";N;s:20:"field_wcb_city_label";N;s:21:"field_wcb_state_label";N;s:23:"field_wcb_country_label";N;s:19:"field_wcb_zip_label";N;s:17:"field_wcb_city_en";N;s:18:"field_wcb_state_en";N;s:16:"field_wcb_zip_en";N;s:20:"field_wcb_country_en";N;s:22:"field_wcb_firstname_en";N;s:21:"field_wcb_lastname_en";N;s:20:"field_wcb_company_en";N;s:21:"field_wcb_address1_en";N;s:21:"field_wcb_address2_en";N;s:18:"field_wcb_phone_en";N;s:18:"field_wcb_email_en";N;s:14:"wcb_state_type";N;s:23:"field_wcb_firstname_req";N;s:22:"field_wcb_lastname_req";N;s:21:"field_wcb_company_req";N;s:22:"field_wcb_address1_req";N;s:19:"field_wcb_phone_req";N;s:19:"field_wcb_email_req";N;s:18:"field_wcb_city_req";N;s:17:"field_wcb_zip_req";N;s:21:"field_wcb_country_req";N;s:19:"field_wcb_state_req";N;s:22:"field_wcb_address2_req";N;s:30:"field_wcb_label_as_placeholder";N;s:21:"field_wcb_lmark_label";N;s:18:"field_wcb_lmark_en";N;s:19:"field_wcb_lmark_req";N;s:21:"field_wcb_state_codes";N;s:30:"field_wcb_country_ameriwcb_can";N;s:25:"field_wcb_country_limited";N;s:27:"field_wcb_en_country_search";N;s:25:"field_wcs_firstname_label";N;s:24:"field_wcs_lastname_label";N;s:23:"field_wcs_company_label";N;s:24:"field_wcs_address1_label";N;s:24:"field_wcs_address2_label";N;s:20:"field_wcs_city_label";N;s:21:"field_wcs_state_label";N;s:23:"field_wcs_country_label";N;s:19:"field_wcs_zip_label";N;s:17:"field_wcs_city_en";N;s:18:"field_wcs_state_en";N;s:16:"field_wcs_zip_en";N;s:20:"field_wcs_country_en";N;s:21:"field_wcs_address1_en";N;s:21:"field_wcs_address2_en";N;s:14:"wcs_state_type";N;s:22:"field_wcs_firstname_en";N;s:21:"field_wcs_lastname_en";N;s:20:"field_wcs_company_en";N;s:22:"field_wcs_address1_req";N;s:18:"field_wcs_city_req";N;s:17:"field_wcs_zip_req";N;s:21:"field_wcs_country_req";N;s:19:"field_wcs_state_req";N;s:23:"field_wcs_firstname_req";N;s:22:"field_wcs_lastname_req";N;s:21:"field_wcs_company_req";N;s:22:"field_wcs_address2_req";N;s:30:"field_wcs_label_as_placeholder";N;s:21:"field_wcs_lmark_label";N;s:18:"field_wcs_lmark_en";N;s:19:"field_wcs_lmark_req";N;s:21:"field_wcs_state_codes";N;s:30:"field_wcs_country_ameriwcs_can";N;s:25:"field_wcs_country_limited";N;s:27:"field_wcs_en_country_search";N;s:19:"privacy_policy_page";s:1:"0";s:22:"privacy_policy_content";s:93:"By submitting this form you confirm that you have read and understood our {{privacy_policy}}.";s:24:"privacy_display_checkbox";N;s:18:"field_user_profile";s:10:"do_not_add";s:22:"existing_user_meta_key";s:8:"nickname";}</field_options>
    </FIELDS>
  </FORMS>
  <FORMS>
    <OPTIONS>
      <form_id>2</form_id>
      <form_name>Simple Registration Form</form_name>
      <form_type>1</form_type>
      <form_user_role>a:0:{}</form_user_role>
      <default_user_role>subscriber</default_user_role>
      <form_should_send_email>0</form_should_send_email>
      <form_redirect>none</form_redirect>
      <form_redirect_to_page>0</form_redirect_to_page>
      <form_redirect_to_url/>
      <form_should_auto_expire/>
      <form_options>O:8:"stdClass":93:{s:13:"hide_username";i:0;s:23:"form_is_opt_in_checkbox";N;s:19:"mailchimp_relations";N;s:16:"form_opt_in_text";N;s:21:"form_should_user_pick";N;s:20:"form_is_unique_token";N;s:16:"form_description";s:415:"This is a sample registration form that can be used to register users on your WordPress site. The form includes Username, Password, First Name, Last Name, Email, Website and Terms and Conditions fields. Feel free to edit them, remove them or add new ones as it suits your needs.&#xD;
&#xD;
Please note, T&amp;C field currently has dummy text. You will need to paste actual text of your terms and condition by editing the field.";s:21:"form_user_field_label";s:0:"";s:16:"form_custom_text";s:48:"Register with us by filling out&#xA0;the form below.";s:20:"form_success_message";s:105:"Thank you for registering with us! Once your account is active, we'll send you an email with the details.";s:18:"form_email_subject";s:10:"Thank you!";s:18:"form_email_content";s:183:"Hello&#xA0;{{Fname_1238}},&#xD;
&#xD;
Thank you for registering with us. You will soon receive an account activation email. After that you can log into our website through login page.&#xD;
&#xD;
Regards.";s:21:"form_submit_btn_label";s:14:"Create Account";s:21:"form_submit_btn_color";N;s:25:"form_submit_btn_bck_color";N;s:15:"form_expired_by";N;s:22:"form_submissions_limit";N;s:16:"form_expiry_date";N;s:25:"form_message_after_expiry";N;s:14:"mailchimp_list";N;s:22:"mailchimp_mapped_email";N;s:27:"mailchimp_mapped_first_name";N;s:26:"mailchimp_mapped_last_name";N;s:25:"should_export_submissions";i:0;s:25:"export_submissions_to_url";N;s:10:"form_pages";N;s:14:"access_control";N;s:14:"style_btnfield";s:0:"";s:10:"style_form";s:0:"";s:15:"style_textfield";s:0:"";s:10:"auto_login";N;s:12:"cc_relations";N;s:7:"cc_list";N;s:19:"form_opt_in_text_cc";N;s:26:"form_is_opt_in_checkbox_cc";N;s:12:"aw_relations";N;s:7:"aw_list";N;s:19:"form_opt_in_text_aw";N;s:26:"form_is_opt_in_checkbox_aw";N;s:14:"enable_captcha";s:7:"default";s:16:"enable_mailchimp";N;s:15:"enable_ccontact";N;s:13:"enable_aweber";N;s:20:"display_progress_bar";s:7:"default";s:18:"sub_limit_antispam";N;s:15:"placeholder_css";s:0:"";s:15:"btn_hover_color";s:0:"";s:20:"field_bg_focus_color";s:0:"";s:16:"text_focus_color";s:0:"";s:13:"style_section";s:0:"";s:11:"style_label";s:0:"";s:18:"post_expiry_action";N;s:19:"post_expiry_form_id";N;s:14:"no_prev_button";i:0;s:18:"user_auto_approval";s:7:"default";s:25:"form_opt_in_default_state";N;s:28:"form_opt_in_default_state_cc";N;s:28:"form_opt_in_default_state_aw";N;s:18:"ordered_form_pages";N;s:16:"show_total_price";N;s:20:"form_nu_notification";N;s:32:"form_user_activated_notification";N;s:31:"form_activate_user_notification";N;s:26:"form_admin_ns_notification";N;s:18:"admin_notification";N;s:11:"admin_email";N;s:10:"enable_dpx";N;s:15:"enable_mailpoet";N;s:13:"mailpoet_form";N;s:23:"mailpoet_field_mappings";N;s:26:"form_is_opt_in_checkbox_mp";N;s:19:"form_opt_in_text_mp";N;s:28:"form_opt_in_default_state_mp";N;s:17:"enable_newsletter";N;s:18:"newsletter_list_id";N;s:26:"form_is_opt_in_checkbox_nl";N;s:19:"form_opt_in_text_nl";N;s:28:"form_opt_in_default_state_nl";N;s:25:"newsletter_field_mappings";N;s:18:"sub_limit_ind_user";i:0;s:19:"form_next_btn_label";s:4:"Next";s:19:"form_prev_btn_label";s:4:"Prev";s:14:"form_btn_align";s:6:"center";s:16:"act_link_message";N;s:24:"form_nu_notification_sub";s:21:"New User Registration";s:12:"act_link_sub";s:18:"Email Verification";s:36:"form_user_activated_notification_sub";s:17:"Account Activated";s:35:"form_activate_user_notification_sub";s:13:"Activate User";s:30:"form_admin_ns_notification_sub";s:23:" New Form Notification ";s:13:"custom_status";N;s:16:"form_limit_by_cs";N;s:18:"cs_action_user_act";N;s:21:"cs_action_user_act_en";N;}</form_options>
      <created_on>2016-12-15 07:19:35</created_on>
      <created_by>1</created_by>
      <modified_on>2019-03-26 08:51:28</modified_on>
      <modified_by>1</modified_by>
    </OPTIONS>
    <FIELDS>
      <field_id>5</field_id>
      <form_id>2</form_id>
      <page_no>1</page_no>
      <field_label>Email</field_label>
      <field_type>Email</field_type>
      <field_value/>
      <field_order>3</field_order>
      <field_show_on_user_page/>
      <is_field_primary>1</is_field_primary>
      <field_is_editable>0</field_is_editable>
      <is_deletion_allowed>0</is_deletion_allowed>
      <field_options>O:8:"stdClass":208:{s:18:"field_is_multiline";N;s:17:"field_placeholder";s:0:"";s:14:"field_timezone";N;s:16:"field_max_length";N;s:23:"field_is_required_range";N;s:27:"field_is_required_max_range";N;s:27:"field_is_required_min_range";N;s:24:"field_is_required_scroll";N;s:19:"field_default_value";N;s:15:"field_css_class";s:0:"";s:22:"field_textarea_columns";N;s:19:"field_textarea_rows";N;s:17:"field_is_required";s:1:"1";s:21:"field_is_show_asterix";N;s:18:"field_is_read_only";N;s:21:"field_is_other_option";N;s:9:"help_text";s:0:"";s:4:"icon";O:8:"stdClass":5:{s:9:"codepoint";s:0:"";s:8:"fg_color";s:6:"000000";s:8:"bg_color";s:6:"FFFFFF";s:5:"shape";s:6:"square";s:8:"bg_alpha";s:1:"1";}s:16:"field_validation";N;s:17:"custom_validation";N;s:12:"tnc_cb_label";N;s:11:"date_format";N;s:15:"field_is_unique";N;s:10:"un_err_msg";N;s:11:"rating_conf";N;s:14:"field_meta_add";N;s:16:"link_same_window";N;s:9:"link_page";N;s:9:"link_href";N;s:9:"link_type";N;s:12:"yt_auto_play";N;s:9:"yt_repeat";N;s:17:"yt_related_videos";N;s:15:"yt_player_width";N;s:9:"rm_widget";N;s:16:"yt_player_height";N;s:8:"if_width";N;s:9:"if_height";N;s:18:"field_address_type";N;s:23:"field_ca_address1_label";N;s:23:"field_ca_address2_label";N;s:19:"field_ca_city_label";N;s:20:"field_ca_state_label";N;s:22:"field_ca_country_label";N;s:18:"field_ca_zip_label";N;s:16:"field_ca_city_en";N;s:17:"field_ca_state_en";N;s:15:"field_ca_zip_en";N;s:19:"field_ca_country_en";N;s:20:"field_ca_address1_en";N;s:20:"field_ca_address2_en";N;s:13:"ca_state_type";N;s:21:"field_ca_address1_req";N;s:17:"field_ca_city_req";N;s:16:"field_ca_zip_req";N;s:20:"field_ca_country_req";N;s:18:"field_ca_state_req";N;s:21:"field_ca_address2_req";N;s:29:"field_ca_label_as_placeholder";N;s:20:"field_ca_lmark_label";N;s:17:"field_ca_lmark_en";N;s:18:"field_ca_lmark_req";N;s:20:"field_ca_state_codes";N;s:28:"field_ca_country_america_can";N;s:24:"field_ca_country_limited";N;s:26:"field_ca_en_country_search";N;s:19:"img_caption_enabled";N;s:17:"img_title_enabled";N;s:16:"img_link_enabled";N;s:19:"img_effects_enabled";N;s:12:"border_color";N;s:12:"border_width";N;s:12:"border_shape";N;s:15:"img_pop_enabled";N;s:8:"img_size";N;s:3:"lat";N;s:4:"long";N;s:4:"zoom";N;s:5:"width";N;s:13:"nu_form_views";N;s:20:"nu_views_text_before";N;s:19:"nu_views_text_after";N;s:17:"nu_sub_text_after";N;s:18:"nu_sub_text_before";N;s:14:"nu_submissions";N;s:10:"sub_limits";N;s:21:"sub_limit_text_before";N;s:20:"sub_limit_text_after";N;s:15:"sub_date_limits";N;s:26:"sub_date_limit_text_before";N;s:25:"sub_date_limit_text_after";N;s:12:"last_sub_rec";N;s:14:"ls_text_before";N;s:13:"ls_text_after";N;s:14:"show_form_name";N;s:9:"form_desc";N;s:13:"sub_limit_ind";N;s:12:"custom_value";N;s:12:"hide_country";N;s:9:"hide_date";N;s:13:"show_gravatar";N;s:9:"max_items";N;s:10:"time_range";N;s:17:"user_exists_error";N;s:19:"username_characters";N;s:23:"invalid_username_format";N;s:14:"en_confirm_pwd";N;s:17:"pass_mismatch_err";N;s:16:"en_pass_strength";N;s:17:"pwd_strength_type";N;s:13:"pwd_short_msg";N;s:12:"pwd_weak_msg";N;s:14:"pwd_medium_msg";N;s:14:"pwd_strong_msg";N;s:11:"format_type";N;s:19:"preferred_countries";N;s:8:"en_geoip";N;s:20:"custom_mobile_format";N;s:13:"lim_countries";N;s:18:"lim_pref_countries";N;s:14:"mobile_err_msg";N;s:13:"country_field";N;s:12:"sync_country";N;s:13:"country_match";N;s:26:"field_wcb_email_as_primary";N;s:25:"field_wcb_firstname_label";N;s:24:"field_wcb_lastname_label";N;s:23:"field_wcb_company_label";N;s:24:"field_wcb_address1_label";N;s:24:"field_wcb_address2_label";N;s:21:"field_wcb_phone_label";N;s:21:"field_wcb_email_label";N;s:20:"field_wcb_city_label";N;s:21:"field_wcb_state_label";N;s:23:"field_wcb_country_label";N;s:19:"field_wcb_zip_label";N;s:17:"field_wcb_city_en";N;s:18:"field_wcb_state_en";N;s:16:"field_wcb_zip_en";N;s:20:"field_wcb_country_en";N;s:22:"field_wcb_firstname_en";N;s:21:"field_wcb_lastname_en";N;s:20:"field_wcb_company_en";N;s:21:"field_wcb_address1_en";N;s:21:"field_wcb_address2_en";N;s:18:"field_wcb_phone_en";N;s:18:"field_wcb_email_en";N;s:14:"wcb_state_type";N;s:23:"field_wcb_firstname_req";N;s:22:"field_wcb_lastname_req";N;s:21:"field_wcb_company_req";N;s:22:"field_wcb_address1_req";N;s:19:"field_wcb_phone_req";N;s:19:"field_wcb_email_req";N;s:18:"field_wcb_city_req";N;s:17:"field_wcb_zip_req";N;s:21:"field_wcb_country_req";N;s:19:"field_wcb_state_req";N;s:22:"field_wcb_address2_req";N;s:30:"field_wcb_label_as_placeholder";N;s:21:"field_wcb_lmark_label";N;s:18:"field_wcb_lmark_en";N;s:19:"field_wcb_lmark_req";N;s:21:"field_wcb_state_codes";N;s:30:"field_wcb_country_ameriwcb_can";N;s:25:"field_wcb_country_limited";N;s:27:"field_wcb_en_country_search";N;s:25:"field_wcs_firstname_label";N;s:24:"field_wcs_lastname_label";N;s:23:"field_wcs_company_label";N;s:24:"field_wcs_address1_label";N;s:24:"field_wcs_address2_label";N;s:20:"field_wcs_city_label";N;s:21:"field_wcs_state_label";N;s:23:"field_wcs_country_label";N;s:19:"field_wcs_zip_label";N;s:17:"field_wcs_city_en";N;s:18:"field_wcs_state_en";N;s:16:"field_wcs_zip_en";N;s:20:"field_wcs_country_en";N;s:21:"field_wcs_address1_en";N;s:21:"field_wcs_address2_en";N;s:14:"wcs_state_type";N;s:22:"field_wcs_firstname_en";N;s:21:"field_wcs_lastname_en";N;s:20:"field_wcs_company_en";N;s:22:"field_wcs_address1_req";N;s:18:"field_wcs_city_req";N;s:17:"field_wcs_zip_req";N;s:21:"field_wcs_country_req";N;s:19:"field_wcs_state_req";N;s:23:"field_wcs_firstname_req";N;s:22:"field_wcs_lastname_req";N;s:21:"field_wcs_company_req";N;s:22:"field_wcs_address2_req";N;s:30:"field_wcs_label_as_placeholder";N;s:21:"field_wcs_lmark_label";N;s:18:"field_wcs_lmark_en";N;s:19:"field_wcs_lmark_req";N;s:21:"field_wcs_state_codes";N;s:30:"field_wcs_country_ameriwcs_can";N;s:25:"field_wcs_country_limited";N;s:27:"field_wcs_en_country_search";N;s:19:"privacy_policy_page";N;s:22:"privacy_policy_content";N;s:24:"privacy_display_checkbox";N;s:18:"field_user_profile";N;s:22:"existing_user_meta_key";N;}</field_options>
    </FIELDS>
    <FIELDS>
      <field_id>6</field_id>
      <form_id>2</form_id>
      <page_no>1</page_no>
      <field_label>Username</field_label>
      <field_type>Username</field_type>
      <field_value/>
      <field_order>4</field_order>
      <field_show_on_user_page/>
      <is_field_primary>1</is_field_primary>
      <field_is_editable>0</field_is_editable>
      <is_deletion_allowed>1</is_deletion_allowed>
      <field_options>O:8:"stdClass":208:{s:18:"field_is_multiline";N;s:17:"field_placeholder";s:8:"Username";s:14:"field_timezone";N;s:16:"field_max_length";N;s:23:"field_is_required_range";N;s:27:"field_is_required_max_range";N;s:27:"field_is_required_min_range";N;s:24:"field_is_required_scroll";N;s:19:"field_default_value";N;s:15:"field_css_class";s:0:"";s:22:"field_textarea_columns";N;s:19:"field_textarea_rows";N;s:17:"field_is_required";s:1:"1";s:21:"field_is_show_asterix";N;s:18:"field_is_read_only";N;s:21:"field_is_other_option";N;s:9:"help_text";s:0:"";s:4:"icon";O:8:"stdClass":5:{s:9:"codepoint";s:0:"";s:8:"fg_color";s:6:"000000";s:8:"bg_color";s:6:"FFFFFF";s:5:"shape";s:6:"square";s:8:"bg_alpha";s:1:"1";}s:16:"field_validation";N;s:17:"custom_validation";N;s:12:"tnc_cb_label";N;s:11:"date_format";N;s:15:"field_is_unique";N;s:10:"un_err_msg";N;s:11:"rating_conf";N;s:14:"field_meta_add";N;s:16:"link_same_window";N;s:9:"link_page";N;s:9:"link_href";N;s:9:"link_type";N;s:12:"yt_auto_play";N;s:9:"yt_repeat";N;s:17:"yt_related_videos";N;s:15:"yt_player_width";N;s:9:"rm_widget";N;s:16:"yt_player_height";N;s:8:"if_width";N;s:9:"if_height";N;s:18:"field_address_type";N;s:23:"field_ca_address1_label";N;s:23:"field_ca_address2_label";N;s:19:"field_ca_city_label";N;s:20:"field_ca_state_label";N;s:22:"field_ca_country_label";N;s:18:"field_ca_zip_label";N;s:16:"field_ca_city_en";N;s:17:"field_ca_state_en";N;s:15:"field_ca_zip_en";N;s:19:"field_ca_country_en";N;s:20:"field_ca_address1_en";N;s:20:"field_ca_address2_en";N;s:13:"ca_state_type";N;s:21:"field_ca_address1_req";N;s:17:"field_ca_city_req";N;s:16:"field_ca_zip_req";N;s:20:"field_ca_country_req";N;s:18:"field_ca_state_req";N;s:21:"field_ca_address2_req";N;s:29:"field_ca_label_as_placeholder";N;s:20:"field_ca_lmark_label";N;s:17:"field_ca_lmark_en";N;s:18:"field_ca_lmark_req";N;s:20:"field_ca_state_codes";N;s:28:"field_ca_country_america_can";N;s:24:"field_ca_country_limited";N;s:26:"field_ca_en_country_search";N;s:19:"img_caption_enabled";N;s:17:"img_title_enabled";N;s:16:"img_link_enabled";N;s:19:"img_effects_enabled";N;s:12:"border_color";N;s:12:"border_width";N;s:12:"border_shape";N;s:15:"img_pop_enabled";N;s:8:"img_size";N;s:3:"lat";N;s:4:"long";N;s:4:"zoom";N;s:5:"width";N;s:13:"nu_form_views";N;s:20:"nu_views_text_before";N;s:19:"nu_views_text_after";N;s:17:"nu_sub_text_after";N;s:18:"nu_sub_text_before";N;s:14:"nu_submissions";N;s:10:"sub_limits";N;s:21:"sub_limit_text_before";N;s:20:"sub_limit_text_after";N;s:15:"sub_date_limits";N;s:26:"sub_date_limit_text_before";N;s:25:"sub_date_limit_text_after";N;s:12:"last_sub_rec";N;s:14:"ls_text_before";N;s:13:"ls_text_after";N;s:14:"show_form_name";N;s:9:"form_desc";N;s:13:"sub_limit_ind";N;s:12:"custom_value";N;s:12:"hide_country";N;s:9:"hide_date";N;s:13:"show_gravatar";N;s:9:"max_items";N;s:10:"time_range";N;s:17:"user_exists_error";s:69:"This username has already been taken. Please try something different.";s:19:"username_characters";a:4:{i:0;s:9:"alphabets";i:1;s:7:"numbers";i:2;s:11:"underscores";i:3;s:7:"periods";}s:23:"invalid_username_format";s:60:"Invalid username format. Only {{allowed_characters}} allowed";s:14:"en_confirm_pwd";N;s:17:"pass_mismatch_err";N;s:16:"en_pass_strength";N;s:17:"pwd_strength_type";N;s:13:"pwd_short_msg";N;s:12:"pwd_weak_msg";N;s:14:"pwd_medium_msg";N;s:14:"pwd_strong_msg";N;s:11:"format_type";N;s:19:"preferred_countries";N;s:8:"en_geoip";N;s:20:"custom_mobile_format";N;s:13:"lim_countries";N;s:18:"lim_pref_countries";N;s:14:"mobile_err_msg";N;s:13:"country_field";N;s:12:"sync_country";N;s:13:"country_match";N;s:26:"field_wcb_email_as_primary";N;s:25:"field_wcb_firstname_label";N;s:24:"field_wcb_lastname_label";N;s:23:"field_wcb_company_label";N;s:24:"field_wcb_address1_label";N;s:24:"field_wcb_address2_label";N;s:21:"field_wcb_phone_label";N;s:21:"field_wcb_email_label";N;s:20:"field_wcb_city_label";N;s:21:"field_wcb_state_label";N;s:23:"field_wcb_country_label";N;s:19:"field_wcb_zip_label";N;s:17:"field_wcb_city_en";N;s:18:"field_wcb_state_en";N;s:16:"field_wcb_zip_en";N;s:20:"field_wcb_country_en";N;s:22:"field_wcb_firstname_en";N;s:21:"field_wcb_lastname_en";N;s:20:"field_wcb_company_en";N;s:21:"field_wcb_address1_en";N;s:21:"field_wcb_address2_en";N;s:18:"field_wcb_phone_en";N;s:18:"field_wcb_email_en";N;s:14:"wcb_state_type";N;s:23:"field_wcb_firstname_req";N;s:22:"field_wcb_lastname_req";N;s:21:"field_wcb_company_req";N;s:22:"field_wcb_address1_req";N;s:19:"field_wcb_phone_req";N;s:19:"field_wcb_email_req";N;s:18:"field_wcb_city_req";N;s:17:"field_wcb_zip_req";N;s:21:"field_wcb_country_req";N;s:19:"field_wcb_state_req";N;s:22:"field_wcb_address2_req";N;s:30:"field_wcb_label_as_placeholder";N;s:21:"field_wcb_lmark_label";N;s:18:"field_wcb_lmark_en";N;s:19:"field_wcb_lmark_req";N;s:21:"field_wcb_state_codes";N;s:30:"field_wcb_country_ameriwcb_can";N;s:25:"field_wcb_country_limited";N;s:27:"field_wcb_en_country_search";N;s:25:"field_wcs_firstname_label";N;s:24:"field_wcs_lastname_label";N;s:23:"field_wcs_company_label";N;s:24:"field_wcs_address1_label";N;s:24:"field_wcs_address2_label";N;s:20:"field_wcs_city_label";N;s:21:"field_wcs_state_label";N;s:23:"field_wcs_country_label";N;s:19:"field_wcs_zip_label";N;s:17:"field_wcs_city_en";N;s:18:"field_wcs_state_en";N;s:16:"field_wcs_zip_en";N;s:20:"field_wcs_country_en";N;s:21:"field_wcs_address1_en";N;s:21:"field_wcs_address2_en";N;s:14:"wcs_state_type";N;s:22:"field_wcs_firstname_en";N;s:21:"field_wcs_lastname_en";N;s:20:"field_wcs_company_en";N;s:22:"field_wcs_address1_req";N;s:18:"field_wcs_city_req";N;s:17:"field_wcs_zip_req";N;s:21:"field_wcs_country_req";N;s:19:"field_wcs_state_req";N;s:23:"field_wcs_firstname_req";N;s:22:"field_wcs_lastname_req";N;s:21:"field_wcs_company_req";N;s:22:"field_wcs_address2_req";N;s:30:"field_wcs_label_as_placeholder";N;s:21:"field_wcs_lmark_label";N;s:18:"field_wcs_lmark_en";N;s:19:"field_wcs_lmark_req";N;s:21:"field_wcs_state_codes";N;s:30:"field_wcs_country_ameriwcs_can";N;s:25:"field_wcs_country_limited";N;s:27:"field_wcs_en_country_search";N;s:19:"privacy_policy_page";N;s:22:"privacy_policy_content";N;s:24:"privacy_display_checkbox";N;s:18:"field_user_profile";N;s:22:"existing_user_meta_key";N;}</field_options>
    </FIELDS>
    <FIELDS>
      <field_id>7</field_id>
      <form_id>2</form_id>
      <page_no>1</page_no>
      <field_label>Password</field_label>
      <field_type>UserPassword</field_type>
      <field_value/>
      <field_order>5</field_order>
      <field_show_on_user_page/>
      <is_field_primary>1</is_field_primary>
      <field_is_editable>0</field_is_editable>
      <is_deletion_allowed>1</is_deletion_allowed>
      <field_options>O:8:"stdClass":208:{s:18:"field_is_multiline";N;s:17:"field_placeholder";s:8:"Password";s:14:"field_timezone";N;s:16:"field_max_length";N;s:23:"field_is_required_range";N;s:27:"field_is_required_max_range";N;s:27:"field_is_required_min_range";N;s:24:"field_is_required_scroll";N;s:19:"field_default_value";N;s:15:"field_css_class";s:0:"";s:22:"field_textarea_columns";N;s:19:"field_textarea_rows";N;s:17:"field_is_required";s:1:"1";s:21:"field_is_show_asterix";N;s:18:"field_is_read_only";N;s:21:"field_is_other_option";N;s:9:"help_text";s:44:"Password must be at least 7 characters long.";s:4:"icon";O:8:"stdClass":5:{s:9:"codepoint";s:0:"";s:8:"fg_color";s:6:"000000";s:8:"bg_color";s:6:"FFFFFF";s:5:"shape";s:6:"square";s:8:"bg_alpha";s:1:"1";}s:16:"field_validation";N;s:17:"custom_validation";N;s:12:"tnc_cb_label";N;s:11:"date_format";N;s:15:"field_is_unique";N;s:10:"un_err_msg";N;s:11:"rating_conf";N;s:14:"field_meta_add";N;s:16:"link_same_window";N;s:9:"link_page";N;s:9:"link_href";N;s:9:"link_type";N;s:12:"yt_auto_play";N;s:9:"yt_repeat";N;s:17:"yt_related_videos";N;s:15:"yt_player_width";N;s:9:"rm_widget";N;s:16:"yt_player_height";N;s:8:"if_width";N;s:9:"if_height";N;s:18:"field_address_type";N;s:23:"field_ca_address1_label";N;s:23:"field_ca_address2_label";N;s:19:"field_ca_city_label";N;s:20:"field_ca_state_label";N;s:22:"field_ca_country_label";N;s:18:"field_ca_zip_label";N;s:16:"field_ca_city_en";N;s:17:"field_ca_state_en";N;s:15:"field_ca_zip_en";N;s:19:"field_ca_country_en";N;s:20:"field_ca_address1_en";N;s:20:"field_ca_address2_en";N;s:13:"ca_state_type";N;s:21:"field_ca_address1_req";N;s:17:"field_ca_city_req";N;s:16:"field_ca_zip_req";N;s:20:"field_ca_country_req";N;s:18:"field_ca_state_req";N;s:21:"field_ca_address2_req";N;s:29:"field_ca_label_as_placeholder";N;s:20:"field_ca_lmark_label";N;s:17:"field_ca_lmark_en";N;s:18:"field_ca_lmark_req";N;s:20:"field_ca_state_codes";N;s:28:"field_ca_country_america_can";N;s:24:"field_ca_country_limited";N;s:26:"field_ca_en_country_search";N;s:19:"img_caption_enabled";N;s:17:"img_title_enabled";N;s:16:"img_link_enabled";N;s:19:"img_effects_enabled";N;s:12:"border_color";N;s:12:"border_width";N;s:12:"border_shape";N;s:15:"img_pop_enabled";N;s:8:"img_size";N;s:3:"lat";N;s:4:"long";N;s:4:"zoom";N;s:5:"width";N;s:13:"nu_form_views";N;s:20:"nu_views_text_before";N;s:19:"nu_views_text_after";N;s:17:"nu_sub_text_after";N;s:18:"nu_sub_text_before";N;s:14:"nu_submissions";N;s:10:"sub_limits";N;s:21:"sub_limit_text_before";N;s:20:"sub_limit_text_after";N;s:15:"sub_date_limits";N;s:26:"sub_date_limit_text_before";N;s:25:"sub_date_limit_text_after";N;s:12:"last_sub_rec";N;s:14:"ls_text_before";N;s:13:"ls_text_after";N;s:14:"show_form_name";N;s:9:"form_desc";N;s:13:"sub_limit_ind";N;s:12:"custom_value";N;s:12:"hide_country";N;s:9:"hide_date";N;s:13:"show_gravatar";N;s:9:"max_items";N;s:10:"time_range";N;s:17:"user_exists_error";N;s:19:"username_characters";N;s:23:"invalid_username_format";N;s:14:"en_confirm_pwd";i:1;s:17:"pass_mismatch_err";s:48:"Your passwords do not match. Please check again.";s:16:"en_pass_strength";i:1;s:17:"pwd_strength_type";N;s:13:"pwd_short_msg";s:9:"Too Short";s:12:"pwd_weak_msg";s:4:"Weak";s:14:"pwd_medium_msg";s:6:"Medium";s:14:"pwd_strong_msg";s:6:"Strong";s:11:"format_type";N;s:19:"preferred_countries";N;s:8:"en_geoip";N;s:20:"custom_mobile_format";N;s:13:"lim_countries";N;s:18:"lim_pref_countries";N;s:14:"mobile_err_msg";N;s:13:"country_field";N;s:12:"sync_country";N;s:13:"country_match";N;s:26:"field_wcb_email_as_primary";N;s:25:"field_wcb_firstname_label";N;s:24:"field_wcb_lastname_label";N;s:23:"field_wcb_company_label";N;s:24:"field_wcb_address1_label";N;s:24:"field_wcb_address2_label";N;s:21:"field_wcb_phone_label";N;s:21:"field_wcb_email_label";N;s:20:"field_wcb_city_label";N;s:21:"field_wcb_state_label";N;s:23:"field_wcb_country_label";N;s:19:"field_wcb_zip_label";N;s:17:"field_wcb_city_en";N;s:18:"field_wcb_state_en";N;s:16:"field_wcb_zip_en";N;s:20:"field_wcb_country_en";N;s:22:"field_wcb_firstname_en";N;s:21:"field_wcb_lastname_en";N;s:20:"field_wcb_company_en";N;s:21:"field_wcb_address1_en";N;s:21:"field_wcb_address2_en";N;s:18:"field_wcb_phone_en";N;s:18:"field_wcb_email_en";N;s:14:"wcb_state_type";N;s:23:"field_wcb_firstname_req";N;s:22:"field_wcb_lastname_req";N;s:21:"field_wcb_company_req";N;s:22:"field_wcb_address1_req";N;s:19:"field_wcb_phone_req";N;s:19:"field_wcb_email_req";N;s:18:"field_wcb_city_req";N;s:17:"field_wcb_zip_req";N;s:21:"field_wcb_country_req";N;s:19:"field_wcb_state_req";N;s:22:"field_wcb_address2_req";N;s:30:"field_wcb_label_as_placeholder";N;s:21:"field_wcb_lmark_label";N;s:18:"field_wcb_lmark_en";N;s:19:"field_wcb_lmark_req";N;s:21:"field_wcb_state_codes";N;s:30:"field_wcb_country_ameriwcb_can";N;s:25:"field_wcb_country_limited";N;s:27:"field_wcb_en_country_search";N;s:25:"field_wcs_firstname_label";N;s:24:"field_wcs_lastname_label";N;s:23:"field_wcs_company_label";N;s:24:"field_wcs_address1_label";N;s:24:"field_wcs_address2_label";N;s:20:"field_wcs_city_label";N;s:21:"field_wcs_state_label";N;s:23:"field_wcs_country_label";N;s:19:"field_wcs_zip_label";N;s:17:"field_wcs_city_en";N;s:18:"field_wcs_state_en";N;s:16:"field_wcs_zip_en";N;s:20:"field_wcs_country_en";N;s:21:"field_wcs_address1_en";N;s:21:"field_wcs_address2_en";N;s:14:"wcs_state_type";N;s:22:"field_wcs_firstname_en";N;s:21:"field_wcs_lastname_en";N;s:20:"field_wcs_company_en";N;s:22:"field_wcs_address1_req";N;s:18:"field_wcs_city_req";N;s:17:"field_wcs_zip_req";N;s:21:"field_wcs_country_req";N;s:19:"field_wcs_state_req";N;s:23:"field_wcs_firstname_req";N;s:22:"field_wcs_lastname_req";N;s:21:"field_wcs_company_req";N;s:22:"field_wcs_address2_req";N;s:30:"field_wcs_label_as_placeholder";N;s:21:"field_wcs_lmark_label";N;s:18:"field_wcs_lmark_en";N;s:19:"field_wcs_lmark_req";N;s:21:"field_wcs_state_codes";N;s:30:"field_wcs_country_ameriwcs_can";N;s:25:"field_wcs_country_limited";N;s:27:"field_wcs_en_country_search";N;s:19:"privacy_policy_page";N;s:22:"privacy_policy_content";N;s:24:"privacy_display_checkbox";N;s:18:"field_user_profile";N;s:22:"existing_user_meta_key";N;}</field_options>
    </FIELDS>
    <FIELDS>
      <field_id>8</field_id>
      <form_id>2</form_id>
      <page_no>1</page_no>
      <field_label>First Name</field_label>
      <field_type>Fname</field_type>
      <field_value/>
      <field_order>0</field_order>
      <field_show_on_user_page/>
      <is_field_primary>0</is_field_primary>
      <field_is_editable>0</field_is_editable>
      <is_deletion_allowed>1</is_deletion_allowed>
      <field_options>O:8:"stdClass":208:{s:18:"field_is_multiline";N;s:17:"field_placeholder";s:0:"";s:14:"field_timezone";N;s:16:"field_max_length";s:0:"";s:23:"field_is_required_range";N;s:27:"field_is_required_max_range";s:0:"";s:27:"field_is_required_min_range";s:0:"";s:24:"field_is_required_scroll";N;s:19:"field_default_value";N;s:15:"field_css_class";s:0:"";s:22:"field_textarea_columns";N;s:19:"field_textarea_rows";N;s:17:"field_is_required";N;s:21:"field_is_show_asterix";N;s:18:"field_is_read_only";N;s:21:"field_is_other_option";s:0:"";s:9:"help_text";s:0:"";s:4:"icon";O:8:"stdClass":5:{s:9:"codepoint";s:0:"";s:8:"fg_color";s:6:"000000";s:8:"bg_color";s:6:"FFFFFF";s:5:"shape";s:6:"square";s:8:"bg_alpha";s:1:"1";}s:16:"field_validation";s:0:"";s:17:"custom_validation";s:0:"";s:12:"tnc_cb_label";s:0:"";s:11:"date_format";N;s:15:"field_is_unique";N;s:10:"un_err_msg";s:0:"";s:11:"rating_conf";N;s:14:"field_meta_add";s:0:"";s:16:"link_same_window";N;s:9:"link_page";N;s:9:"link_href";N;s:9:"link_type";N;s:12:"yt_auto_play";N;s:9:"yt_repeat";N;s:17:"yt_related_videos";N;s:15:"yt_player_width";N;s:9:"rm_widget";N;s:16:"yt_player_height";N;s:8:"if_width";N;s:9:"if_height";N;s:18:"field_address_type";N;s:23:"field_ca_address1_label";N;s:23:"field_ca_address2_label";N;s:19:"field_ca_city_label";N;s:20:"field_ca_state_label";N;s:22:"field_ca_country_label";N;s:18:"field_ca_zip_label";N;s:16:"field_ca_city_en";N;s:17:"field_ca_state_en";N;s:15:"field_ca_zip_en";N;s:19:"field_ca_country_en";N;s:20:"field_ca_address1_en";N;s:20:"field_ca_address2_en";N;s:13:"ca_state_type";N;s:21:"field_ca_address1_req";N;s:17:"field_ca_city_req";N;s:16:"field_ca_zip_req";N;s:20:"field_ca_country_req";N;s:18:"field_ca_state_req";N;s:21:"field_ca_address2_req";N;s:29:"field_ca_label_as_placeholder";N;s:20:"field_ca_lmark_label";N;s:17:"field_ca_lmark_en";N;s:18:"field_ca_lmark_req";N;s:20:"field_ca_state_codes";N;s:28:"field_ca_country_america_can";N;s:24:"field_ca_country_limited";N;s:26:"field_ca_en_country_search";N;s:19:"img_caption_enabled";N;s:17:"img_title_enabled";N;s:16:"img_link_enabled";N;s:19:"img_effects_enabled";N;s:12:"border_color";N;s:12:"border_width";N;s:12:"border_shape";N;s:15:"img_pop_enabled";N;s:8:"img_size";N;s:3:"lat";N;s:4:"long";N;s:4:"zoom";N;s:5:"width";N;s:13:"nu_form_views";N;s:20:"nu_views_text_before";N;s:19:"nu_views_text_after";N;s:17:"nu_sub_text_after";N;s:18:"nu_sub_text_before";N;s:14:"nu_submissions";N;s:10:"sub_limits";N;s:21:"sub_limit_text_before";N;s:20:"sub_limit_text_after";N;s:15:"sub_date_limits";N;s:26:"sub_date_limit_text_before";N;s:25:"sub_date_limit_text_after";N;s:12:"last_sub_rec";N;s:14:"ls_text_before";N;s:13:"ls_text_after";N;s:14:"show_form_name";N;s:9:"form_desc";N;s:13:"sub_limit_ind";N;s:12:"custom_value";N;s:12:"hide_country";N;s:9:"hide_date";N;s:13:"show_gravatar";N;s:9:"max_items";N;s:10:"time_range";N;s:17:"user_exists_error";N;s:19:"username_characters";N;s:23:"invalid_username_format";N;s:14:"en_confirm_pwd";N;s:17:"pass_mismatch_err";N;s:16:"en_pass_strength";N;s:17:"pwd_strength_type";N;s:13:"pwd_short_msg";N;s:12:"pwd_weak_msg";N;s:14:"pwd_medium_msg";N;s:14:"pwd_strong_msg";N;s:11:"format_type";N;s:19:"preferred_countries";N;s:8:"en_geoip";N;s:20:"custom_mobile_format";N;s:13:"lim_countries";N;s:18:"lim_pref_countries";N;s:14:"mobile_err_msg";N;s:13:"country_field";N;s:12:"sync_country";N;s:13:"country_match";N;s:26:"field_wcb_email_as_primary";N;s:25:"field_wcb_firstname_label";N;s:24:"field_wcb_lastname_label";N;s:23:"field_wcb_company_label";N;s:24:"field_wcb_address1_label";N;s:24:"field_wcb_address2_label";N;s:21:"field_wcb_phone_label";N;s:21:"field_wcb_email_label";N;s:20:"field_wcb_city_label";N;s:21:"field_wcb_state_label";N;s:23:"field_wcb_country_label";N;s:19:"field_wcb_zip_label";N;s:17:"field_wcb_city_en";N;s:18:"field_wcb_state_en";N;s:16:"field_wcb_zip_en";N;s:20:"field_wcb_country_en";N;s:22:"field_wcb_firstname_en";N;s:21:"field_wcb_lastname_en";N;s:20:"field_wcb_company_en";N;s:21:"field_wcb_address1_en";N;s:21:"field_wcb_address2_en";N;s:18:"field_wcb_phone_en";N;s:18:"field_wcb_email_en";N;s:14:"wcb_state_type";N;s:23:"field_wcb_firstname_req";N;s:22:"field_wcb_lastname_req";N;s:21:"field_wcb_company_req";N;s:22:"field_wcb_address1_req";N;s:19:"field_wcb_phone_req";N;s:19:"field_wcb_email_req";N;s:18:"field_wcb_city_req";N;s:17:"field_wcb_zip_req";N;s:21:"field_wcb_country_req";N;s:19:"field_wcb_state_req";N;s:22:"field_wcb_address2_req";N;s:30:"field_wcb_label_as_placeholder";N;s:21:"field_wcb_lmark_label";N;s:18:"field_wcb_lmark_en";N;s:19:"field_wcb_lmark_req";N;s:21:"field_wcb_state_codes";N;s:30:"field_wcb_country_ameriwcb_can";N;s:25:"field_wcb_country_limited";N;s:27:"field_wcb_en_country_search";N;s:25:"field_wcs_firstname_label";N;s:24:"field_wcs_lastname_label";N;s:23:"field_wcs_company_label";N;s:24:"field_wcs_address1_label";N;s:24:"field_wcs_address2_label";N;s:20:"field_wcs_city_label";N;s:21:"field_wcs_state_label";N;s:23:"field_wcs_country_label";N;s:19:"field_wcs_zip_label";N;s:17:"field_wcs_city_en";N;s:18:"field_wcs_state_en";N;s:16:"field_wcs_zip_en";N;s:20:"field_wcs_country_en";N;s:21:"field_wcs_address1_en";N;s:21:"field_wcs_address2_en";N;s:14:"wcs_state_type";N;s:22:"field_wcs_firstname_en";N;s:21:"field_wcs_lastname_en";N;s:20:"field_wcs_company_en";N;s:22:"field_wcs_address1_req";N;s:18:"field_wcs_city_req";N;s:17:"field_wcs_zip_req";N;s:21:"field_wcs_country_req";N;s:19:"field_wcs_state_req";N;s:23:"field_wcs_firstname_req";N;s:22:"field_wcs_lastname_req";N;s:21:"field_wcs_company_req";N;s:22:"field_wcs_address2_req";N;s:30:"field_wcs_label_as_placeholder";N;s:21:"field_wcs_lmark_label";N;s:18:"field_wcs_lmark_en";N;s:19:"field_wcs_lmark_req";N;s:21:"field_wcs_state_codes";N;s:30:"field_wcs_country_ameriwcs_can";N;s:25:"field_wcs_country_limited";N;s:27:"field_wcs_en_country_search";N;s:19:"privacy_policy_page";s:1:"0";s:22:"privacy_policy_content";s:93:"By submitting this form you confirm that you have read and understood our {{privacy_policy}}.";s:24:"privacy_display_checkbox";N;s:18:"field_user_profile";N;s:22:"existing_user_meta_key";N;}</field_options>
    </FIELDS>
    <FIELDS>
      <field_id>9</field_id>
      <form_id>2</form_id>
      <page_no>1</page_no>
      <field_label>Last Name</field_label>
      <field_type>Lname</field_type>
      <field_value/>
      <field_order>1</field_order>
      <field_show_on_user_page/>
      <is_field_primary>0</is_field_primary>
      <field_is_editable>0</field_is_editable>
      <is_deletion_allowed>1</is_deletion_allowed>
      <field_options>O:8:"stdClass":208:{s:18:"field_is_multiline";N;s:17:"field_placeholder";s:0:"";s:14:"field_timezone";N;s:16:"field_max_length";s:0:"";s:23:"field_is_required_range";N;s:27:"field_is_required_max_range";s:0:"";s:27:"field_is_required_min_range";s:0:"";s:24:"field_is_required_scroll";N;s:19:"field_default_value";N;s:15:"field_css_class";s:0:"";s:22:"field_textarea_columns";N;s:19:"field_textarea_rows";N;s:17:"field_is_required";N;s:21:"field_is_show_asterix";N;s:18:"field_is_read_only";N;s:21:"field_is_other_option";s:0:"";s:9:"help_text";s:0:"";s:4:"icon";O:8:"stdClass":5:{s:9:"codepoint";s:0:"";s:8:"fg_color";s:6:"000000";s:8:"bg_color";s:6:"FFFFFF";s:5:"shape";s:6:"square";s:8:"bg_alpha";s:1:"1";}s:16:"field_validation";s:0:"";s:17:"custom_validation";s:0:"";s:12:"tnc_cb_label";s:0:"";s:11:"date_format";N;s:15:"field_is_unique";N;s:10:"un_err_msg";s:0:"";s:11:"rating_conf";N;s:14:"field_meta_add";s:0:"";s:16:"link_same_window";N;s:9:"link_page";N;s:9:"link_href";N;s:9:"link_type";N;s:12:"yt_auto_play";N;s:9:"yt_repeat";N;s:17:"yt_related_videos";N;s:15:"yt_player_width";N;s:9:"rm_widget";N;s:16:"yt_player_height";N;s:8:"if_width";N;s:9:"if_height";N;s:18:"field_address_type";N;s:23:"field_ca_address1_label";N;s:23:"field_ca_address2_label";N;s:19:"field_ca_city_label";N;s:20:"field_ca_state_label";N;s:22:"field_ca_country_label";N;s:18:"field_ca_zip_label";N;s:16:"field_ca_city_en";N;s:17:"field_ca_state_en";N;s:15:"field_ca_zip_en";N;s:19:"field_ca_country_en";N;s:20:"field_ca_address1_en";N;s:20:"field_ca_address2_en";N;s:13:"ca_state_type";N;s:21:"field_ca_address1_req";N;s:17:"field_ca_city_req";N;s:16:"field_ca_zip_req";N;s:20:"field_ca_country_req";N;s:18:"field_ca_state_req";N;s:21:"field_ca_address2_req";N;s:29:"field_ca_label_as_placeholder";N;s:20:"field_ca_lmark_label";N;s:17:"field_ca_lmark_en";N;s:18:"field_ca_lmark_req";N;s:20:"field_ca_state_codes";N;s:28:"field_ca_country_america_can";N;s:24:"field_ca_country_limited";N;s:26:"field_ca_en_country_search";N;s:19:"img_caption_enabled";N;s:17:"img_title_enabled";N;s:16:"img_link_enabled";N;s:19:"img_effects_enabled";N;s:12:"border_color";N;s:12:"border_width";N;s:12:"border_shape";N;s:15:"img_pop_enabled";N;s:8:"img_size";N;s:3:"lat";N;s:4:"long";N;s:4:"zoom";N;s:5:"width";N;s:13:"nu_form_views";N;s:20:"nu_views_text_before";N;s:19:"nu_views_text_after";N;s:17:"nu_sub_text_after";N;s:18:"nu_sub_text_before";N;s:14:"nu_submissions";N;s:10:"sub_limits";N;s:21:"sub_limit_text_before";N;s:20:"sub_limit_text_after";N;s:15:"sub_date_limits";N;s:26:"sub_date_limit_text_before";N;s:25:"sub_date_limit_text_after";N;s:12:"last_sub_rec";N;s:14:"ls_text_before";N;s:13:"ls_text_after";N;s:14:"show_form_name";N;s:9:"form_desc";N;s:13:"sub_limit_ind";N;s:12:"custom_value";N;s:12:"hide_country";N;s:9:"hide_date";N;s:13:"show_gravatar";N;s:9:"max_items";N;s:10:"time_range";N;s:17:"user_exists_error";N;s:19:"username_characters";N;s:23:"invalid_username_format";N;s:14:"en_confirm_pwd";N;s:17:"pass_mismatch_err";N;s:16:"en_pass_strength";N;s:17:"pwd_strength_type";N;s:13:"pwd_short_msg";N;s:12:"pwd_weak_msg";N;s:14:"pwd_medium_msg";N;s:14:"pwd_strong_msg";N;s:11:"format_type";N;s:19:"preferred_countries";N;s:8:"en_geoip";N;s:20:"custom_mobile_format";N;s:13:"lim_countries";N;s:18:"lim_pref_countries";N;s:14:"mobile_err_msg";N;s:13:"country_field";N;s:12:"sync_country";N;s:13:"country_match";N;s:26:"field_wcb_email_as_primary";N;s:25:"field_wcb_firstname_label";N;s:24:"field_wcb_lastname_label";N;s:23:"field_wcb_company_label";N;s:24:"field_wcb_address1_label";N;s:24:"field_wcb_address2_label";N;s:21:"field_wcb_phone_label";N;s:21:"field_wcb_email_label";N;s:20:"field_wcb_city_label";N;s:21:"field_wcb_state_label";N;s:23:"field_wcb_country_label";N;s:19:"field_wcb_zip_label";N;s:17:"field_wcb_city_en";N;s:18:"field_wcb_state_en";N;s:16:"field_wcb_zip_en";N;s:20:"field_wcb_country_en";N;s:22:"field_wcb_firstname_en";N;s:21:"field_wcb_lastname_en";N;s:20:"field_wcb_company_en";N;s:21:"field_wcb_address1_en";N;s:21:"field_wcb_address2_en";N;s:18:"field_wcb_phone_en";N;s:18:"field_wcb_email_en";N;s:14:"wcb_state_type";N;s:23:"field_wcb_firstname_req";N;s:22:"field_wcb_lastname_req";N;s:21:"field_wcb_company_req";N;s:22:"field_wcb_address1_req";N;s:19:"field_wcb_phone_req";N;s:19:"field_wcb_email_req";N;s:18:"field_wcb_city_req";N;s:17:"field_wcb_zip_req";N;s:21:"field_wcb_country_req";N;s:19:"field_wcb_state_req";N;s:22:"field_wcb_address2_req";N;s:30:"field_wcb_label_as_placeholder";N;s:21:"field_wcb_lmark_label";N;s:18:"field_wcb_lmark_en";N;s:19:"field_wcb_lmark_req";N;s:21:"field_wcb_state_codes";N;s:30:"field_wcb_country_ameriwcb_can";N;s:25:"field_wcb_country_limited";N;s:27:"field_wcb_en_country_search";N;s:25:"field_wcs_firstname_label";N;s:24:"field_wcs_lastname_label";N;s:23:"field_wcs_company_label";N;s:24:"field_wcs_address1_label";N;s:24:"field_wcs_address2_label";N;s:20:"field_wcs_city_label";N;s:21:"field_wcs_state_label";N;s:23:"field_wcs_country_label";N;s:19:"field_wcs_zip_label";N;s:17:"field_wcs_city_en";N;s:18:"field_wcs_state_en";N;s:16:"field_wcs_zip_en";N;s:20:"field_wcs_country_en";N;s:21:"field_wcs_address1_en";N;s:21:"field_wcs_address2_en";N;s:14:"wcs_state_type";N;s:22:"field_wcs_firstname_en";N;s:21:"field_wcs_lastname_en";N;s:20:"field_wcs_company_en";N;s:22:"field_wcs_address1_req";N;s:18:"field_wcs_city_req";N;s:17:"field_wcs_zip_req";N;s:21:"field_wcs_country_req";N;s:19:"field_wcs_state_req";N;s:23:"field_wcs_firstname_req";N;s:22:"field_wcs_lastname_req";N;s:21:"field_wcs_company_req";N;s:22:"field_wcs_address2_req";N;s:30:"field_wcs_label_as_placeholder";N;s:21:"field_wcs_lmark_label";N;s:18:"field_wcs_lmark_en";N;s:19:"field_wcs_lmark_req";N;s:21:"field_wcs_state_codes";N;s:30:"field_wcs_country_ameriwcs_can";N;s:25:"field_wcs_country_limited";N;s:27:"field_wcs_en_country_search";N;s:19:"privacy_policy_page";s:1:"0";s:22:"privacy_policy_content";s:93:"By submitting this form you confirm that you have read and understood our {{privacy_policy}}.";s:24:"privacy_display_checkbox";N;s:18:"field_user_profile";N;s:22:"existing_user_meta_key";N;}</field_options>
    </FIELDS>
    <FIELDS>
      <field_id>10</field_id>
      <form_id>2</form_id>
      <page_no>1</page_no>
      <field_label>Website</field_label>
      <field_type>Website</field_type>
      <field_value/>
      <field_order>8</field_order>
      <field_show_on_user_page/>
      <is_field_primary>0</is_field_primary>
      <field_is_editable>1</field_is_editable>
      <is_deletion_allowed>1</is_deletion_allowed>
      <field_options>O:8:"stdClass":208:{s:18:"field_is_multiline";N;s:17:"field_placeholder";N;s:14:"field_timezone";N;s:16:"field_max_length";N;s:23:"field_is_required_range";N;s:27:"field_is_required_max_range";s:0:"";s:27:"field_is_required_min_range";s:0:"";s:24:"field_is_required_scroll";N;s:19:"field_default_value";N;s:15:"field_css_class";s:0:"";s:22:"field_textarea_columns";N;s:19:"field_textarea_rows";N;s:17:"field_is_required";N;s:21:"field_is_show_asterix";N;s:18:"field_is_read_only";N;s:21:"field_is_other_option";s:0:"";s:9:"help_text";s:0:"";s:4:"icon";O:8:"stdClass":5:{s:9:"codepoint";s:0:"";s:8:"fg_color";s:6:"000000";s:8:"bg_color";s:6:"FFFFFF";s:5:"shape";s:6:"square";s:8:"bg_alpha";s:1:"1";}s:16:"field_validation";s:0:"";s:17:"custom_validation";s:0:"";s:12:"tnc_cb_label";s:0:"";s:11:"date_format";N;s:15:"field_is_unique";N;s:10:"un_err_msg";s:0:"";s:11:"rating_conf";N;s:14:"field_meta_add";s:0:"";s:16:"link_same_window";N;s:9:"link_page";N;s:9:"link_href";N;s:9:"link_type";N;s:12:"yt_auto_play";N;s:9:"yt_repeat";N;s:17:"yt_related_videos";N;s:15:"yt_player_width";N;s:9:"rm_widget";N;s:16:"yt_player_height";N;s:8:"if_width";N;s:9:"if_height";N;s:18:"field_address_type";N;s:23:"field_ca_address1_label";N;s:23:"field_ca_address2_label";N;s:19:"field_ca_city_label";N;s:20:"field_ca_state_label";N;s:22:"field_ca_country_label";N;s:18:"field_ca_zip_label";N;s:16:"field_ca_city_en";N;s:17:"field_ca_state_en";N;s:15:"field_ca_zip_en";N;s:19:"field_ca_country_en";N;s:20:"field_ca_address1_en";N;s:20:"field_ca_address2_en";N;s:13:"ca_state_type";N;s:21:"field_ca_address1_req";N;s:17:"field_ca_city_req";N;s:16:"field_ca_zip_req";N;s:20:"field_ca_country_req";N;s:18:"field_ca_state_req";N;s:21:"field_ca_address2_req";N;s:29:"field_ca_label_as_placeholder";N;s:20:"field_ca_lmark_label";N;s:17:"field_ca_lmark_en";N;s:18:"field_ca_lmark_req";N;s:20:"field_ca_state_codes";N;s:28:"field_ca_country_america_can";N;s:24:"field_ca_country_limited";N;s:26:"field_ca_en_country_search";N;s:19:"img_caption_enabled";N;s:17:"img_title_enabled";N;s:16:"img_link_enabled";N;s:19:"img_effects_enabled";N;s:12:"border_color";N;s:12:"border_width";N;s:12:"border_shape";N;s:15:"img_pop_enabled";N;s:8:"img_size";N;s:3:"lat";N;s:4:"long";N;s:4:"zoom";N;s:5:"width";N;s:13:"nu_form_views";N;s:20:"nu_views_text_before";N;s:19:"nu_views_text_after";N;s:17:"nu_sub_text_after";N;s:18:"nu_sub_text_before";N;s:14:"nu_submissions";N;s:10:"sub_limits";N;s:21:"sub_limit_text_before";N;s:20:"sub_limit_text_after";N;s:15:"sub_date_limits";N;s:26:"sub_date_limit_text_before";N;s:25:"sub_date_limit_text_after";N;s:12:"last_sub_rec";N;s:14:"ls_text_before";N;s:13:"ls_text_after";N;s:14:"show_form_name";N;s:9:"form_desc";N;s:13:"sub_limit_ind";N;s:12:"custom_value";N;s:12:"hide_country";N;s:9:"hide_date";N;s:13:"show_gravatar";N;s:9:"max_items";N;s:10:"time_range";N;s:17:"user_exists_error";N;s:19:"username_characters";N;s:23:"invalid_username_format";N;s:14:"en_confirm_pwd";N;s:17:"pass_mismatch_err";N;s:16:"en_pass_strength";N;s:17:"pwd_strength_type";N;s:13:"pwd_short_msg";N;s:12:"pwd_weak_msg";N;s:14:"pwd_medium_msg";N;s:14:"pwd_strong_msg";N;s:11:"format_type";N;s:19:"preferred_countries";N;s:8:"en_geoip";N;s:20:"custom_mobile_format";N;s:13:"lim_countries";N;s:18:"lim_pref_countries";N;s:14:"mobile_err_msg";N;s:13:"country_field";N;s:12:"sync_country";N;s:13:"country_match";N;s:26:"field_wcb_email_as_primary";N;s:25:"field_wcb_firstname_label";N;s:24:"field_wcb_lastname_label";N;s:23:"field_wcb_company_label";N;s:24:"field_wcb_address1_label";N;s:24:"field_wcb_address2_label";N;s:21:"field_wcb_phone_label";N;s:21:"field_wcb_email_label";N;s:20:"field_wcb_city_label";N;s:21:"field_wcb_state_label";N;s:23:"field_wcb_country_label";N;s:19:"field_wcb_zip_label";N;s:17:"field_wcb_city_en";N;s:18:"field_wcb_state_en";N;s:16:"field_wcb_zip_en";N;s:20:"field_wcb_country_en";N;s:22:"field_wcb_firstname_en";N;s:21:"field_wcb_lastname_en";N;s:20:"field_wcb_company_en";N;s:21:"field_wcb_address1_en";N;s:21:"field_wcb_address2_en";N;s:18:"field_wcb_phone_en";N;s:18:"field_wcb_email_en";N;s:14:"wcb_state_type";N;s:23:"field_wcb_firstname_req";N;s:22:"field_wcb_lastname_req";N;s:21:"field_wcb_company_req";N;s:22:"field_wcb_address1_req";N;s:19:"field_wcb_phone_req";N;s:19:"field_wcb_email_req";N;s:18:"field_wcb_city_req";N;s:17:"field_wcb_zip_req";N;s:21:"field_wcb_country_req";N;s:19:"field_wcb_state_req";N;s:22:"field_wcb_address2_req";N;s:30:"field_wcb_label_as_placeholder";N;s:21:"field_wcb_lmark_label";N;s:18:"field_wcb_lmark_en";N;s:19:"field_wcb_lmark_req";N;s:21:"field_wcb_state_codes";N;s:30:"field_wcb_country_ameriwcb_can";N;s:25:"field_wcb_country_limited";N;s:27:"field_wcb_en_country_search";N;s:25:"field_wcs_firstname_label";N;s:24:"field_wcs_lastname_label";N;s:23:"field_wcs_company_label";N;s:24:"field_wcs_address1_label";N;s:24:"field_wcs_address2_label";N;s:20:"field_wcs_city_label";N;s:21:"field_wcs_state_label";N;s:23:"field_wcs_country_label";N;s:19:"field_wcs_zip_label";N;s:17:"field_wcs_city_en";N;s:18:"field_wcs_state_en";N;s:16:"field_wcs_zip_en";N;s:20:"field_wcs_country_en";N;s:21:"field_wcs_address1_en";N;s:21:"field_wcs_address2_en";N;s:14:"wcs_state_type";N;s:22:"field_wcs_firstname_en";N;s:21:"field_wcs_lastname_en";N;s:20:"field_wcs_company_en";N;s:22:"field_wcs_address1_req";N;s:18:"field_wcs_city_req";N;s:17:"field_wcs_zip_req";N;s:21:"field_wcs_country_req";N;s:19:"field_wcs_state_req";N;s:23:"field_wcs_firstname_req";N;s:22:"field_wcs_lastname_req";N;s:21:"field_wcs_company_req";N;s:22:"field_wcs_address2_req";N;s:30:"field_wcs_label_as_placeholder";N;s:21:"field_wcs_lmark_label";N;s:18:"field_wcs_lmark_en";N;s:19:"field_wcs_lmark_req";N;s:21:"field_wcs_state_codes";N;s:30:"field_wcs_country_ameriwcs_can";N;s:25:"field_wcs_country_limited";N;s:27:"field_wcs_en_country_search";N;s:19:"privacy_policy_page";s:1:"0";s:22:"privacy_policy_content";s:93:"By submitting this form you confirm that you have read and understood our {{privacy_policy}}.";s:24:"privacy_display_checkbox";N;s:18:"field_user_profile";N;s:22:"existing_user_meta_key";N;}</field_options>
    </FIELDS>
    <FIELDS>
      <field_id>12</field_id>
      <form_id>2</form_id>
      <page_no>1</page_no>
      <field_label>Divider</field_label>
      <field_type>Divider</field_type>
      <field_value/>
      <field_order>2</field_order>
      <field_show_on_user_page/>
      <is_field_primary>0</is_field_primary>
      <field_is_editable>0</field_is_editable>
      <is_deletion_allowed>1</is_deletion_allowed>
      <field_options>O:8:"stdClass":207:{s:18:"field_is_multiline";N;s:17:"field_placeholder";N;s:14:"field_timezone";N;s:16:"field_max_length";N;s:23:"field_is_required_range";N;s:27:"field_is_required_max_range";N;s:27:"field_is_required_min_range";N;s:24:"field_is_required_scroll";N;s:19:"field_default_value";N;s:15:"field_css_class";s:0:"";s:22:"field_textarea_columns";N;s:19:"field_textarea_rows";N;s:17:"field_is_required";N;s:21:"field_is_show_asterix";N;s:18:"field_is_read_only";N;s:21:"field_is_other_option";N;s:9:"help_text";N;s:4:"icon";N;s:16:"field_validation";N;s:17:"custom_validation";N;s:12:"tnc_cb_label";N;s:11:"date_format";N;s:15:"field_is_unique";N;s:10:"un_err_msg";N;s:11:"rating_conf";N;s:10:"conditions";N;s:14:"field_meta_add";N;s:16:"link_same_window";N;s:9:"link_page";N;s:9:"link_href";N;s:9:"link_type";N;s:12:"yt_auto_play";N;s:9:"yt_repeat";N;s:17:"yt_related_videos";N;s:15:"yt_player_width";N;s:9:"rm_widget";N;s:16:"yt_player_height";N;s:8:"if_width";N;s:9:"if_height";N;s:18:"field_address_type";N;s:23:"field_ca_address1_label";N;s:23:"field_ca_address2_label";N;s:19:"field_ca_city_label";N;s:20:"field_ca_state_label";N;s:22:"field_ca_country_label";N;s:18:"field_ca_zip_label";N;s:16:"field_ca_city_en";N;s:17:"field_ca_state_en";N;s:15:"field_ca_zip_en";N;s:19:"field_ca_country_en";N;s:20:"field_ca_address1_en";N;s:20:"field_ca_address2_en";N;s:13:"ca_state_type";N;s:21:"field_ca_address1_req";N;s:17:"field_ca_city_req";N;s:16:"field_ca_zip_req";N;s:20:"field_ca_country_req";N;s:18:"field_ca_state_req";N;s:21:"field_ca_address2_req";N;s:29:"field_ca_label_as_placeholder";N;s:20:"field_ca_lmark_label";N;s:17:"field_ca_lmark_en";N;s:18:"field_ca_lmark_req";N;s:20:"field_ca_state_codes";N;s:28:"field_ca_country_america_can";N;s:24:"field_ca_country_limited";N;s:26:"field_ca_en_country_search";N;s:19:"img_caption_enabled";N;s:17:"img_title_enabled";N;s:16:"img_link_enabled";N;s:19:"img_effects_enabled";N;s:12:"border_color";N;s:12:"border_width";N;s:12:"border_shape";N;s:15:"img_pop_enabled";N;s:8:"img_size";N;s:3:"lat";N;s:4:"long";N;s:4:"zoom";N;s:5:"width";N;s:13:"nu_form_views";N;s:20:"nu_views_text_before";N;s:19:"nu_views_text_after";N;s:17:"nu_sub_text_after";N;s:18:"nu_sub_text_before";N;s:14:"nu_submissions";N;s:10:"sub_limits";N;s:21:"sub_limit_text_before";N;s:20:"sub_limit_text_after";N;s:15:"sub_date_limits";N;s:26:"sub_date_limit_text_before";N;s:25:"sub_date_limit_text_after";N;s:12:"last_sub_rec";N;s:14:"ls_text_before";N;s:13:"ls_text_after";N;s:14:"show_form_name";N;s:9:"form_desc";N;s:13:"sub_limit_ind";N;s:12:"custom_value";N;s:12:"hide_country";N;s:9:"hide_date";N;s:13:"show_gravatar";N;s:9:"max_items";N;s:10:"time_range";N;s:17:"user_exists_error";N;s:19:"username_characters";N;s:23:"invalid_username_format";N;s:14:"en_confirm_pwd";N;s:17:"pass_mismatch_err";N;s:16:"en_pass_strength";N;s:17:"pwd_strength_type";N;s:13:"pwd_short_msg";N;s:12:"pwd_weak_msg";N;s:14:"pwd_medium_msg";N;s:14:"pwd_strong_msg";N;s:11:"format_type";N;s:19:"preferred_countries";N;s:8:"en_geoip";N;s:20:"custom_mobile_format";N;s:13:"lim_countries";N;s:18:"lim_pref_countries";N;s:14:"mobile_err_msg";N;s:13:"country_field";N;s:12:"sync_country";N;s:13:"country_match";N;s:26:"field_wcb_email_as_primary";N;s:25:"field_wcb_firstname_label";N;s:24:"field_wcb_lastname_label";N;s:23:"field_wcb_company_label";N;s:24:"field_wcb_address1_label";N;s:24:"field_wcb_address2_label";N;s:21:"field_wcb_phone_label";N;s:21:"field_wcb_email_label";N;s:20:"field_wcb_city_label";N;s:21:"field_wcb_state_label";N;s:23:"field_wcb_country_label";N;s:19:"field_wcb_zip_label";N;s:17:"field_wcb_city_en";N;s:18:"field_wcb_state_en";N;s:16:"field_wcb_zip_en";N;s:20:"field_wcb_country_en";N;s:22:"field_wcb_firstname_en";N;s:21:"field_wcb_lastname_en";N;s:20:"field_wcb_company_en";N;s:21:"field_wcb_address1_en";N;s:21:"field_wcb_address2_en";N;s:18:"field_wcb_phone_en";N;s:18:"field_wcb_email_en";N;s:14:"wcb_state_type";N;s:23:"field_wcb_firstname_req";N;s:22:"field_wcb_lastname_req";N;s:21:"field_wcb_company_req";N;s:22:"field_wcb_address1_req";N;s:19:"field_wcb_phone_req";N;s:19:"field_wcb_email_req";N;s:18:"field_wcb_city_req";N;s:17:"field_wcb_zip_req";N;s:21:"field_wcb_country_req";N;s:19:"field_wcb_state_req";N;s:22:"field_wcb_address2_req";N;s:30:"field_wcb_label_as_placeholder";N;s:21:"field_wcb_lmark_label";N;s:18:"field_wcb_lmark_en";N;s:19:"field_wcb_lmark_req";N;s:21:"field_wcb_state_codes";N;s:30:"field_wcb_country_ameriwcb_can";N;s:25:"field_wcb_country_limited";N;s:27:"field_wcb_en_country_search";N;s:25:"field_wcs_firstname_label";N;s:24:"field_wcs_lastname_label";N;s:23:"field_wcs_company_label";N;s:24:"field_wcs_address1_label";N;s:24:"field_wcs_address2_label";N;s:20:"field_wcs_city_label";N;s:21:"field_wcs_state_label";N;s:23:"field_wcs_country_label";N;s:19:"field_wcs_zip_label";N;s:17:"field_wcs_city_en";N;s:18:"field_wcs_state_en";N;s:16:"field_wcs_zip_en";N;s:20:"field_wcs_country_en";N;s:21:"field_wcs_address1_en";N;s:21:"field_wcs_address2_en";N;s:14:"wcs_state_type";N;s:22:"field_wcs_firstname_en";N;s:21:"field_wcs_lastname_en";N;s:20:"field_wcs_company_en";N;s:22:"field_wcs_address1_req";N;s:18:"field_wcs_city_req";N;s:17:"field_wcs_zip_req";N;s:21:"field_wcs_country_req";N;s:19:"field_wcs_state_req";N;s:23:"field_wcs_firstname_req";N;s:22:"field_wcs_lastname_req";N;s:21:"field_wcs_company_req";N;s:22:"field_wcs_address2_req";N;s:30:"field_wcs_label_as_placeholder";N;s:21:"field_wcs_lmark_label";N;s:18:"field_wcs_lmark_en";N;s:19:"field_wcs_lmark_req";N;s:21:"field_wcs_state_codes";N;s:30:"field_wcs_country_ameriwcs_can";N;s:25:"field_wcs_country_limited";N;s:27:"field_wcs_en_country_search";N;s:19:"privacy_policy_page";N;s:22:"privacy_policy_content";N;s:24:"privacy_display_checkbox";N;}</field_options>
    </FIELDS>
    <FIELDS>
      <field_id>13</field_id>
      <form_id>2</form_id>
      <page_no>1</page_no>
      <field_label>Divider</field_label>
      <field_type>Divider</field_type>
      <field_value/>
      <field_order>6</field_order>
      <field_show_on_user_page/>
      <is_field_primary>0</is_field_primary>
      <field_is_editable>0</field_is_editable>
      <is_deletion_allowed>1</is_deletion_allowed>
      <field_options>O:8:"stdClass":207:{s:18:"field_is_multiline";N;s:17:"field_placeholder";N;s:14:"field_timezone";N;s:16:"field_max_length";N;s:23:"field_is_required_range";N;s:27:"field_is_required_max_range";N;s:27:"field_is_required_min_range";N;s:24:"field_is_required_scroll";N;s:19:"field_default_value";N;s:15:"field_css_class";s:0:"";s:22:"field_textarea_columns";N;s:19:"field_textarea_rows";N;s:17:"field_is_required";N;s:21:"field_is_show_asterix";N;s:18:"field_is_read_only";N;s:21:"field_is_other_option";N;s:9:"help_text";N;s:4:"icon";N;s:16:"field_validation";N;s:17:"custom_validation";N;s:12:"tnc_cb_label";N;s:11:"date_format";N;s:15:"field_is_unique";N;s:10:"un_err_msg";N;s:11:"rating_conf";N;s:10:"conditions";N;s:14:"field_meta_add";N;s:16:"link_same_window";N;s:9:"link_page";N;s:9:"link_href";N;s:9:"link_type";N;s:12:"yt_auto_play";N;s:9:"yt_repeat";N;s:17:"yt_related_videos";N;s:15:"yt_player_width";N;s:9:"rm_widget";N;s:16:"yt_player_height";N;s:8:"if_width";N;s:9:"if_height";N;s:18:"field_address_type";N;s:23:"field_ca_address1_label";N;s:23:"field_ca_address2_label";N;s:19:"field_ca_city_label";N;s:20:"field_ca_state_label";N;s:22:"field_ca_country_label";N;s:18:"field_ca_zip_label";N;s:16:"field_ca_city_en";N;s:17:"field_ca_state_en";N;s:15:"field_ca_zip_en";N;s:19:"field_ca_country_en";N;s:20:"field_ca_address1_en";N;s:20:"field_ca_address2_en";N;s:13:"ca_state_type";N;s:21:"field_ca_address1_req";N;s:17:"field_ca_city_req";N;s:16:"field_ca_zip_req";N;s:20:"field_ca_country_req";N;s:18:"field_ca_state_req";N;s:21:"field_ca_address2_req";N;s:29:"field_ca_label_as_placeholder";N;s:20:"field_ca_lmark_label";N;s:17:"field_ca_lmark_en";N;s:18:"field_ca_lmark_req";N;s:20:"field_ca_state_codes";N;s:28:"field_ca_country_america_can";N;s:24:"field_ca_country_limited";N;s:26:"field_ca_en_country_search";N;s:19:"img_caption_enabled";N;s:17:"img_title_enabled";N;s:16:"img_link_enabled";N;s:19:"img_effects_enabled";N;s:12:"border_color";N;s:12:"border_width";N;s:12:"border_shape";N;s:15:"img_pop_enabled";N;s:8:"img_size";N;s:3:"lat";N;s:4:"long";N;s:4:"zoom";N;s:5:"width";N;s:13:"nu_form_views";N;s:20:"nu_views_text_before";N;s:19:"nu_views_text_after";N;s:17:"nu_sub_text_after";N;s:18:"nu_sub_text_before";N;s:14:"nu_submissions";N;s:10:"sub_limits";N;s:21:"sub_limit_text_before";N;s:20:"sub_limit_text_after";N;s:15:"sub_date_limits";N;s:26:"sub_date_limit_text_before";N;s:25:"sub_date_limit_text_after";N;s:12:"last_sub_rec";N;s:14:"ls_text_before";N;s:13:"ls_text_after";N;s:14:"show_form_name";N;s:9:"form_desc";N;s:13:"sub_limit_ind";N;s:12:"custom_value";N;s:12:"hide_country";N;s:9:"hide_date";N;s:13:"show_gravatar";N;s:9:"max_items";N;s:10:"time_range";N;s:17:"user_exists_error";N;s:19:"username_characters";N;s:23:"invalid_username_format";N;s:14:"en_confirm_pwd";N;s:17:"pass_mismatch_err";N;s:16:"en_pass_strength";N;s:17:"pwd_strength_type";N;s:13:"pwd_short_msg";N;s:12:"pwd_weak_msg";N;s:14:"pwd_medium_msg";N;s:14:"pwd_strong_msg";N;s:11:"format_type";N;s:19:"preferred_countries";N;s:8:"en_geoip";N;s:20:"custom_mobile_format";N;s:13:"lim_countries";N;s:18:"lim_pref_countries";N;s:14:"mobile_err_msg";N;s:13:"country_field";N;s:12:"sync_country";N;s:13:"country_match";N;s:26:"field_wcb_email_as_primary";N;s:25:"field_wcb_firstname_label";N;s:24:"field_wcb_lastname_label";N;s:23:"field_wcb_company_label";N;s:24:"field_wcb_address1_label";N;s:24:"field_wcb_address2_label";N;s:21:"field_wcb_phone_label";N;s:21:"field_wcb_email_label";N;s:20:"field_wcb_city_label";N;s:21:"field_wcb_state_label";N;s:23:"field_wcb_country_label";N;s:19:"field_wcb_zip_label";N;s:17:"field_wcb_city_en";N;s:18:"field_wcb_state_en";N;s:16:"field_wcb_zip_en";N;s:20:"field_wcb_country_en";N;s:22:"field_wcb_firstname_en";N;s:21:"field_wcb_lastname_en";N;s:20:"field_wcb_company_en";N;s:21:"field_wcb_address1_en";N;s:21:"field_wcb_address2_en";N;s:18:"field_wcb_phone_en";N;s:18:"field_wcb_email_en";N;s:14:"wcb_state_type";N;s:23:"field_wcb_firstname_req";N;s:22:"field_wcb_lastname_req";N;s:21:"field_wcb_company_req";N;s:22:"field_wcb_address1_req";N;s:19:"field_wcb_phone_req";N;s:19:"field_wcb_email_req";N;s:18:"field_wcb_city_req";N;s:17:"field_wcb_zip_req";N;s:21:"field_wcb_country_req";N;s:19:"field_wcb_state_req";N;s:22:"field_wcb_address2_req";N;s:30:"field_wcb_label_as_placeholder";N;s:21:"field_wcb_lmark_label";N;s:18:"field_wcb_lmark_en";N;s:19:"field_wcb_lmark_req";N;s:21:"field_wcb_state_codes";N;s:30:"field_wcb_country_ameriwcb_can";N;s:25:"field_wcb_country_limited";N;s:27:"field_wcb_en_country_search";N;s:25:"field_wcs_firstname_label";N;s:24:"field_wcs_lastname_label";N;s:23:"field_wcs_company_label";N;s:24:"field_wcs_address1_label";N;s:24:"field_wcs_address2_label";N;s:20:"field_wcs_city_label";N;s:21:"field_wcs_state_label";N;s:23:"field_wcs_country_label";N;s:19:"field_wcs_zip_label";N;s:17:"field_wcs_city_en";N;s:18:"field_wcs_state_en";N;s:16:"field_wcs_zip_en";N;s:20:"field_wcs_country_en";N;s:21:"field_wcs_address1_en";N;s:21:"field_wcs_address2_en";N;s:14:"wcs_state_type";N;s:22:"field_wcs_firstname_en";N;s:21:"field_wcs_lastname_en";N;s:20:"field_wcs_company_en";N;s:22:"field_wcs_address1_req";N;s:18:"field_wcs_city_req";N;s:17:"field_wcs_zip_req";N;s:21:"field_wcs_country_req";N;s:19:"field_wcs_state_req";N;s:23:"field_wcs_firstname_req";N;s:22:"field_wcs_lastname_req";N;s:21:"field_wcs_company_req";N;s:22:"field_wcs_address2_req";N;s:30:"field_wcs_label_as_placeholder";N;s:21:"field_wcs_lmark_label";N;s:18:"field_wcs_lmark_en";N;s:19:"field_wcs_lmark_req";N;s:21:"field_wcs_state_codes";N;s:30:"field_wcs_country_ameriwcs_can";N;s:25:"field_wcs_country_limited";N;s:27:"field_wcs_en_country_search";N;s:19:"privacy_policy_page";N;s:22:"privacy_policy_content";N;s:24:"privacy_display_checkbox";N;}</field_options>
    </FIELDS>
    <FIELDS>
      <field_id>16</field_id>
      <form_id>2</form_id>
      <page_no>1</page_no>
      <field_label>Phone</field_label>
      <field_type>Mobile</field_type>
      <field_value/>
      <field_order>7</field_order>
      <field_show_on_user_page/>
      <is_field_primary>0</is_field_primary>
      <field_is_editable>0</field_is_editable>
      <is_deletion_allowed>1</is_deletion_allowed>
      <field_options>O:8:"stdClass":209:{s:18:"field_is_multiline";N;s:17:"field_placeholder";s:0:"";s:14:"field_timezone";N;s:16:"field_max_length";s:0:"";s:23:"field_is_required_range";N;s:27:"field_is_required_max_range";s:0:"";s:27:"field_is_required_min_range";s:0:"";s:24:"field_is_required_scroll";N;s:19:"field_default_value";N;s:15:"field_css_class";s:0:"";s:22:"field_textarea_columns";N;s:19:"field_textarea_rows";N;s:17:"field_is_required";N;s:21:"field_is_show_asterix";N;s:18:"field_is_read_only";N;s:21:"field_is_other_option";s:0:"";s:9:"help_text";s:0:"";s:4:"icon";O:8:"stdClass":5:{s:9:"codepoint";s:0:"";s:8:"fg_color";s:6:"000000";s:8:"bg_color";s:6:"FFFFFF";s:5:"shape";s:6:"square";s:8:"bg_alpha";s:1:"1";}s:16:"field_validation";s:0:"";s:17:"custom_validation";s:0:"";s:12:"tnc_cb_label";s:0:"";s:11:"date_format";N;s:15:"field_is_unique";N;s:10:"un_err_msg";s:0:"";s:11:"rating_conf";N;s:10:"conditions";N;s:14:"field_meta_add";s:0:"";s:16:"link_same_window";N;s:9:"link_page";N;s:9:"link_href";N;s:9:"link_type";N;s:12:"yt_auto_play";N;s:9:"yt_repeat";N;s:17:"yt_related_videos";N;s:15:"yt_player_width";N;s:9:"rm_widget";N;s:16:"yt_player_height";N;s:8:"if_width";N;s:9:"if_height";N;s:18:"field_address_type";N;s:23:"field_ca_address1_label";N;s:23:"field_ca_address2_label";N;s:19:"field_ca_city_label";N;s:20:"field_ca_state_label";N;s:22:"field_ca_country_label";N;s:18:"field_ca_zip_label";N;s:16:"field_ca_city_en";N;s:17:"field_ca_state_en";N;s:15:"field_ca_zip_en";N;s:19:"field_ca_country_en";N;s:20:"field_ca_address1_en";N;s:20:"field_ca_address2_en";N;s:13:"ca_state_type";N;s:21:"field_ca_address1_req";N;s:17:"field_ca_city_req";N;s:16:"field_ca_zip_req";N;s:20:"field_ca_country_req";N;s:18:"field_ca_state_req";N;s:21:"field_ca_address2_req";N;s:29:"field_ca_label_as_placeholder";N;s:20:"field_ca_lmark_label";N;s:17:"field_ca_lmark_en";N;s:18:"field_ca_lmark_req";N;s:20:"field_ca_state_codes";N;s:28:"field_ca_country_america_can";N;s:24:"field_ca_country_limited";N;s:26:"field_ca_en_country_search";N;s:19:"img_caption_enabled";N;s:17:"img_title_enabled";N;s:16:"img_link_enabled";N;s:19:"img_effects_enabled";N;s:12:"border_color";N;s:12:"border_width";N;s:12:"border_shape";N;s:15:"img_pop_enabled";N;s:8:"img_size";N;s:3:"lat";N;s:4:"long";N;s:4:"zoom";N;s:5:"width";N;s:13:"nu_form_views";N;s:20:"nu_views_text_before";N;s:19:"nu_views_text_after";N;s:17:"nu_sub_text_after";N;s:18:"nu_sub_text_before";N;s:14:"nu_submissions";N;s:10:"sub_limits";N;s:21:"sub_limit_text_before";N;s:20:"sub_limit_text_after";N;s:15:"sub_date_limits";N;s:26:"sub_date_limit_text_before";N;s:25:"sub_date_limit_text_after";N;s:12:"last_sub_rec";N;s:14:"ls_text_before";N;s:13:"ls_text_after";N;s:14:"show_form_name";N;s:9:"form_desc";N;s:13:"sub_limit_ind";N;s:12:"custom_value";N;s:12:"hide_country";N;s:9:"hide_date";N;s:13:"show_gravatar";N;s:9:"max_items";N;s:10:"time_range";N;s:17:"user_exists_error";N;s:19:"username_characters";N;s:23:"invalid_username_format";N;s:14:"en_confirm_pwd";N;s:17:"pass_mismatch_err";N;s:16:"en_pass_strength";N;s:17:"pwd_strength_type";N;s:13:"pwd_short_msg";N;s:12:"pwd_weak_msg";N;s:14:"pwd_medium_msg";N;s:14:"pwd_strong_msg";N;s:11:"format_type";s:5:"local";s:19:"preferred_countries";s:0:"";s:8:"en_geoip";N;s:20:"custom_mobile_format";s:14:"(000)-000-0000";s:13:"lim_countries";s:0:"";s:18:"lim_pref_countries";s:0:"";s:14:"mobile_err_msg";s:50:"This does not appears to be a valid mobile number.";s:13:"country_field";s:9:"not_found";s:12:"sync_country";i:1;s:13:"country_match";N;s:26:"field_wcb_email_as_primary";N;s:25:"field_wcb_firstname_label";N;s:24:"field_wcb_lastname_label";N;s:23:"field_wcb_company_label";N;s:24:"field_wcb_address1_label";N;s:24:"field_wcb_address2_label";N;s:21:"field_wcb_phone_label";N;s:21:"field_wcb_email_label";N;s:20:"field_wcb_city_label";N;s:21:"field_wcb_state_label";N;s:23:"field_wcb_country_label";N;s:19:"field_wcb_zip_label";N;s:17:"field_wcb_city_en";N;s:18:"field_wcb_state_en";N;s:16:"field_wcb_zip_en";N;s:20:"field_wcb_country_en";N;s:22:"field_wcb_firstname_en";N;s:21:"field_wcb_lastname_en";N;s:20:"field_wcb_company_en";N;s:21:"field_wcb_address1_en";N;s:21:"field_wcb_address2_en";N;s:18:"field_wcb_phone_en";N;s:18:"field_wcb_email_en";N;s:14:"wcb_state_type";N;s:23:"field_wcb_firstname_req";N;s:22:"field_wcb_lastname_req";N;s:21:"field_wcb_company_req";N;s:22:"field_wcb_address1_req";N;s:19:"field_wcb_phone_req";N;s:19:"field_wcb_email_req";N;s:18:"field_wcb_city_req";N;s:17:"field_wcb_zip_req";N;s:21:"field_wcb_country_req";N;s:19:"field_wcb_state_req";N;s:22:"field_wcb_address2_req";N;s:30:"field_wcb_label_as_placeholder";N;s:21:"field_wcb_lmark_label";N;s:18:"field_wcb_lmark_en";N;s:19:"field_wcb_lmark_req";N;s:21:"field_wcb_state_codes";N;s:30:"field_wcb_country_ameriwcb_can";N;s:25:"field_wcb_country_limited";N;s:27:"field_wcb_en_country_search";N;s:25:"field_wcs_firstname_label";N;s:24:"field_wcs_lastname_label";N;s:23:"field_wcs_company_label";N;s:24:"field_wcs_address1_label";N;s:24:"field_wcs_address2_label";N;s:20:"field_wcs_city_label";N;s:21:"field_wcs_state_label";N;s:23:"field_wcs_country_label";N;s:19:"field_wcs_zip_label";N;s:17:"field_wcs_city_en";N;s:18:"field_wcs_state_en";N;s:16:"field_wcs_zip_en";N;s:20:"field_wcs_country_en";N;s:21:"field_wcs_address1_en";N;s:21:"field_wcs_address2_en";N;s:14:"wcs_state_type";N;s:22:"field_wcs_firstname_en";N;s:21:"field_wcs_lastname_en";N;s:20:"field_wcs_company_en";N;s:22:"field_wcs_address1_req";N;s:18:"field_wcs_city_req";N;s:17:"field_wcs_zip_req";N;s:21:"field_wcs_country_req";N;s:19:"field_wcs_state_req";N;s:23:"field_wcs_firstname_req";N;s:22:"field_wcs_lastname_req";N;s:21:"field_wcs_company_req";N;s:22:"field_wcs_address2_req";N;s:30:"field_wcs_label_as_placeholder";N;s:21:"field_wcs_lmark_label";N;s:18:"field_wcs_lmark_en";N;s:19:"field_wcs_lmark_req";N;s:21:"field_wcs_state_codes";N;s:30:"field_wcs_country_ameriwcs_can";N;s:25:"field_wcs_country_limited";N;s:27:"field_wcs_en_country_search";N;s:19:"privacy_policy_page";s:1:"0";s:22:"privacy_policy_content";s:93:"By submitting this form you confirm that you have read and understood our {{privacy_policy}}.";s:24:"privacy_display_checkbox";N;s:18:"field_user_profile";s:10:"do_not_add";s:22:"existing_user_meta_key";s:8:"nickname";}</field_options>
    </FIELDS>
  </FORMS>
</RMagic>